CRIME_ID,latitude,longitude,nearest_node,snap_dist_m
21193887.0,-12.14746336,-77.01794974,434289146,28.504059605563523
21166332.0,-12.15311316,-77.02294214,1838358319,35.493707147463695
24736491.0,-12.13927059,-77.01382761,391020809,98.7680241645287
24528051.0,-12.14286621,-77.01467236,678989826,30.437297273888227
20987922.0,-12.14675697,-77.01956704,434289143,9.229845575506856
20899542.0,-12.14993995,-77.01740292,678989753,29.158459192215876
22721490.0,-12.1479559,-77.0200154,316634032,3.005797007158442
24937479.0,-12.14175069,-77.01391071,371265034,20.693182689822077
22500792.0,-12.14248425,-77.02317161,391009551,21.919051730179632
20880195.0,-12.13852173,-77.01485989,391020810,89.36178875745006
20670558.0,-12.13847016,-77.02056617,4271747836,15.608322291206683
22879674.0,-12.14165061,-77.01777247,316633867,27.8436695596549
20889798.0,-12.1468932,-77.0184112,434289145,19.266200849355602
24356772.0,-12.14665978,-77.01959681,434289143,15.471569295680803
22356519.0,-12.14250014,-77.02213881,391012566,36.305807719248556
25329507.0,-12.13963993,-77.01790054,4266808709,67.369307224306
22407732.0,-12.14015072,-77.01280245,678989885,59.401746016031275
20984895.0,-12.14999061,-77.01741542,678989753,27.91696852950787
20373024.0,-12.14697711,-77.01667932,434289247,55.1162665815513
21369846.0,-12.14182813,-77.01781016,316634026,8.421874541664117
22640523.0,-12.1393471,-77.0138509,391020809,90.71639424596144
20093358.0,-12.15360336,-77.01914561,459457260,28.42689571962813
25372824.0,-12.14710836,-77.01793883,434289146,12.256528148918214
19876836.0,-12.1417359,-77.01755938,3672931642,23.610294176222883
21590475.0,-12.13939126,-77.01387906,391020809,85.04240846579721
20846103.0,-12.15323981,-77.02300238,1838358319,20.59812206291227
21087087.0,-12.13936029,-77.01396015,391020809,82.01112075952176
20285859.0,-12.15369451,-77.02108329,1815623586,11.175945994005735
20233029.0,-12.14677348,-77.01960839,434289143,4.3892156947774525
22917471.0,-12.1406999,-77.0167757,391022455,1.0700662332804824
25146966.0,-12.15405024,-77.02320416,4381412256,8.660588839018885
20264106.0,-12.14721798,-77.01797419,434289146,8.2450310512077
25603518.0,-12.14429,-77.015991,678989814,2.4541511818723305
20959059.0,-12.14718141,-77.01785103,434289146,6.139307031650499
20437872.0,-12.15358735,-77.01958884,4297316165,5.306789739734174
21842913.0,-12.14667875,-77.02064152,434289092,20.5656223181809
20219292.0,-12.1391613,-77.02127819,391019994,28.716525519129053
21845862.0,-12.14153894,-77.01749347,391022450,42.43101677054311
23758302.0,-12.1420503,-77.01749326,3672931642,15.98384415103233
22355679.0,-12.14621692,-77.01949479,4266825894,5.084078044370726
21390885.0,-12.14648496,-77.01955957,316634031,23.54697012529097
23984787.0,-12.15236719,-77.02199942,434289131,3.2757170630072925
20173410.0,-12.14227128,-77.01616457,678989832,28.01998945498975
20424342.0,-12.14278349,-77.01456995,678989826,16.199143118433394
25506102.0,-12.14634908,-77.0223426,2676305050,39.29965556237567
21494229.0,-12.1506575,-77.01783215,678989706,48.70393022155688
23671104.0,-12.14566327,-77.01784869,4346341384,42.96072380032666
20298696.0,-12.1437452,-77.01563564,316757396,14.745008660061721
25489209.0,-12.14115122,-77.02312742,391012553,24.17289826117618
21781287.0,-12.13910021,-77.02126677,391019994,35.027702727302156
20370684.0,-12.14214211,-77.01634676,678989832,10.962520983211641
25725057.0,-12.14768808,-77.02211859,3825454543,9.773531257679434
22890201.0,-12.14896717,-77.01787205,678989758,39.02691890082164
25047159.0,-12.14067492,-77.01377413,678989884,17.088283637887937
20471337.0,-12.14704594,-77.02493453,6128880516,129.3647949221558
21658446.0,-12.1566364,-77.02407767,4345043384,93.46264598692525
21476670.0,-12.14477542,-77.02297494,391009545,14.534127065437437
23684037.0,-12.137348,-77.017793,391020814,15.012827496424132
22877670.0,-12.13961509,-77.01776052,4266808709,66.35127054920315
20397852.0,-12.1402451,-77.01789684,2174297459,18.518241306270077
22559397.0,-12.13595634,-77.01778592,10719594836,10.467718276173953
21690423.0,-12.15220147,-77.01989576,316633878,5.471570436620097
20490099.0,-12.1450625,-77.01667185,678989817,16.071932159231086
23103504.0,-12.14495125,-77.02302722,391009545,33.28664450502698
25393335.0,-12.15626463,-77.02309976,4170825803,12.652122872826562
24599829.0,-12.14177906,-77.01764358,3672931642,19.25621517572018
24419697.0,-12.14671339,-77.01818166,434289145,16.294893668069943
20026818.0,-12.14125602,-77.01661387,391022455,65.17803812002471
20110053.0,-12.14301816,-77.0147923,678989824,28.530358987162224
23923080.0,-12.13149829,-77.01809189,263635941,81.4250290702216
21937260.0,-12.14986253,-77.01833531,678989748,31.404015797943764
23788578.0,-12.1385351,-77.01462159,391020810,106.36206974019464
19835496.0,-12.14642292,-77.02213692,2676305051,43.57191389035665
24050979.0,-12.13945993,-77.02065927,391007682,11.374618359748183
21520386.0,-12.1394913,-77.01773238,4266808709,54.010830402476145
25400460.0,-12.14650067,-77.01959293,316634031,26.888249512926954
24498654.0,-12.14503498,-77.01661545,678989817,21.8469246000556
20180994.0,-12.14689592,-77.01939004,434289143,29.974217349245077
20359173.0,-12.1444263,-77.0188184,678989810,30.124459063007556
20564133.0,-12.14613964,-77.01953129,4266825894,11.595803436175263
23695308.0,-12.14264055,-77.02213664,434288150,31.794056403520422
22763985.0,-12.14643753,-77.01955044,316634031,18.49921546908402
20833527.0,-12.1441817,-77.0213507,434289086,2.132144736912548
23757864.0,-12.14634035,-77.02208252,1192945730,53.36597803326155
25132983.0,-12.14273959,-77.01573636,678989833,16.303909546402345
23061093.0,-12.15120322,-77.01953911,434289102,62.146980423020814
20490567.0,-12.15000438,-77.01726641,678989753,12.900977220467112
21898503.0,-12.14290919,-77.02174636,434288150,27.98618814837735
24593493.0,-12.14382342,-77.01557168,316757396,4.7016277700946665
24356163.0,-12.14481626,-77.01539601,678989823,1.4987515205708744
23420289.0,-12.1454619,-77.0190878,3672906437,4.630218259270487
22612578.0,-12.13989667,-77.0160442,391021179,4.79519190470782
21869223.0,-12.14182741,-77.01849534,434289035,21.621935763108592
25440402.0,-12.15402593,-77.02317019,4381412253,10.081952593953746
22161156.0,-12.14185928,-77.01875636,434289035,14.956844590930716
21150387.0,-12.14167554,-77.015932,391023510,20.892239459331822
20135208.0,-12.1423891,-77.02485524,4344761205,34.410669508063634
20005413.0,-12.14247088,-77.02450183,391011521,18.941768930129665
20010738.0,-12.15041781,-77.0204683,316634165,5.512832987148034
20026932.0,-12.14616806,-77.02287892,391009544,3.177510579467123
20063517.0,-12.14246886,-77.01551442,678989833,22.246375869067204
20084265.0,-12.1442914,-77.0215229,434289086,24.29007495070534
20129469.0,-12.14997385,-77.01838857,678989747,38.810094033411225
20131887.0,-12.14369557,-77.01584928,316757396,37.7390116747353
20138178.0,-12.14693545,-77.01949886,434289143,22.51335312150671
20142675.0,-12.14774002,-77.01803774,371265030,6.877933241288122
20234805.0,-12.14236951,-77.02455191,391011521,22.272624792634495
20256180.0,-12.13904956,-77.02148012,391019994,49.900755172713644
20262183.0,-12.14652196,-77.02178298,1192945730,15.632597883677148
20291325.0,-12.14756124,-77.01800224,371265030,20.338911517673008
20327364.0,-12.15319544,-77.022942,1838358319,26.668070211441815
20336493.0,-12.14779598,-77.02216202,391013941,8.533897578498921
20366880.0,-12.14614469,-77.01650963,678989807,48.45674592047347
20367546.0,-12.13698987,-77.01643879,391020811,124.48982873244701
20370924.0,-12.14372405,-77.01555816,316757405,11.755490301517652
20373738.0,-12.14672873,-77.01960091,434289143,8.390870062273374
20392626.0,-12.14614469,-77.01650963,678989807,48.45674592047347
20434656.0,-12.14701621,-77.0207663,434289092,31.56392516557935
20489793.0,-12.14140916,-77.01570572,391023510,17.708984442022466
20504718.0,-12.14320594,-77.01912631,434288215,8.678026739173244
20513115.0,-12.14978742,-77.01908003,678989751,23.13913741213026
20621259.0,-12.14384493,-77.02096523,1273591094,2.3146967746248905
20670420.0,-12.13962235,-77.02019852,4271742068,33.08861940822467
20670684.0,-12.14675911,-77.01960006,434289143,5.9974788552280955
20697702.0,-12.14667728,-77.02166318,1192945730,13.54444069730723
20719314.0,-12.136936,-77.0195426,391017391,0.849904214362315
20719668.0,-12.14270149,-77.02212433,434288150,25.228237153623216
20834076.0,-12.14628115,-77.02234413,2676305050,32.122560109195774
20853093.0,-12.14247907,-77.0221414,391012566,34.100240667421374
20900175.0,-12.14619915,-77.01944621,1839460740,9.429959418638045
20954997.0,-12.14355352,-77.01716482,391022927,46.722478753905044
20980446.0,-12.15039112,-77.0227558,1838358309,8.214727201643127
20987706.0,-12.15281204,-77.02184242,434289131,51.8851036873377
21021864.0,-12.1394141,-77.0212301,391019994,2.729412561474434
21064293.0,-12.14654114,-77.01874882,434289145,50.53082616168109
21164178.0,-12.14286888,-77.02166124,434288150,37.304946970560664
21200679.0,-12.13695968,-77.01961206,391017391,8.61991437190972
21205734.0,-12.14647852,-77.01903767,316634031,49.84226072328699
21235362.0,-12.14763157,-77.01800885,371265030,13.665008811772376
21244890.0,-12.141,-77.017107,391022450,30.721649300269643
21280470.0,-12.14614469,-77.01650963,678989807,48.45674592047347
21348117.0,-12.15021868,-77.02256076,1194106545,18.374906934851676
21349176.0,-12.15397047,-77.02318186,4381412253,16.347223455067915
21385719.0,-12.14636839,-77.02209786,2676305051,50.19218883366617
21398127.0,-12.1540523,-77.02326539,4381412256,9.081580947012634
21401460.0,-12.14179059,-77.0186041,434289035,9.232348837147253
21411051.0,-12.15130531,-77.01978873,434289102,32.784988702735134
21434643.0,-12.14682794,-77.01959921,434289143,6.401793754528039
21481701.0,-12.143892,-77.02093257,1273591094,4.960289364030841
21495351.0,-12.15365001,-77.02261205,4344559504,40.70791271740379
21618000.0,-12.13630742,-77.01724343,13175377681,17.393129488006668
21684510.0,-12.14061996,-77.01837134,391018361,7.094758674158584
21716154.0,-12.14512688,-77.01676006,678989817,7.918678183254494
21747522.0,-12.1475033,-77.0211611,434289093,28.205043928841004
21818526.0,-12.14666443,-77.01845955,434289145,16.36645675617394
21913902.0,-12.13709419,-77.02451782,2174311465,19.92161908091991
21978744.0,-12.15416732,-77.02342913,4345043382,3.231101979048378
21996147.0,-12.14158977,-77.01752577,3672931642,40.21897589378895
22046871.0,-12.13940216,-77.02019308,4271742068,8.881702652737753
22318026.0,-12.14383576,-77.01461081,678989825,27.902276102995508
22350153.0,-12.14295601,-77.01475787,678989824,36.12536440567386
22356366.0,-12.15013935,-77.0201325,1405227784,7.10941677399313
22421502.0,-12.14125602,-77.01661387,391022455,65.17803812002471
22644777.0,-12.13821012,-77.0197505,391017684,45.156813829238146
22719231.0,-12.13908161,-77.02147912,391019994,47.027799930108536
22721184.0,-12.15059711,-77.02039363,316634165,16.00111370895474
22729926.0,-12.14647081,-77.01904744,316634031,48.528321837117154
22782486.0,-12.15652779,-77.02433686,4345043384,117.8222872679322
22819938.0,-12.14269421,-77.01563087,678989833,8.429080968043758
22840941.0,-12.15162572,-77.02043093,434289102,45.657370145188
23892567.0,-12.14160959,-77.01752648,3672931642,38.04437494457233
24028584.0,-12.14259845,-77.02203791,434288150,33.2225796701073
24085884.0,-12.1393259,-77.01383145,391020809,93.87734644050146
24128601.0,-12.13696197,-77.01957084,391017391,5.016902048815969
24351126.0,-12.14005039,-77.01287476,678989885,72.33787277760031
24418731.0,-12.14026038,-77.01787538,2174297459,16.27116146581966
24502089.0,-12.14006946,-77.01599667,391021179,21.109418891888147
24513060.0,-12.15125907,-77.019586,434289102,55.208756095631294
24554271.0,-12.13969699,-77.02014771,4271742068,41.94176704412673
24609939.0,-12.13327634,-77.01958177,2908329100,37.8257314897773
24611187.0,-12.1416737,-77.01756661,3672931642,30.35544217085991
24665523.0,-12.1392922,-77.0187481,391007680,1.817642411883654
24689355.0,-12.1374054,-77.0255176,391003241,96.56646797802374
24692037.0,-12.15256487,-77.01853203,4884495900,19.917260725678304
24759087.0,-12.1540761,-77.02318116,4381412253,5.840021594901962
24775191.0,-12.14634754,-77.02230014,2676305050,40.75659419663099
24972738.0,-12.1486293,-77.01784495,678989758,13.588362343808788
25005579.0,-12.15051296,-77.02044738,316634165,5.337574598587715
25134714.0,-12.1528055,-77.0207426,1273787535,13.830396861530357
25190457.0,-12.15039489,-77.02250149,1194106545,10.267176647511294
25221711.0,-12.1378773,-77.0225441,3952827987,9.906604470405544
25239045.0,-12.14983071,-77.01823962,678989748,23.613152625324698
25272495.0,-12.14147581,-77.0251332,1845277063,7.254778218192393
25278582.0,-12.14699473,-77.01638871,434289247,23.855292527053933
25286826.0,-12.14189148,-77.01657757,678989832,35.33862511637584
25308297.0,-12.1412238,-77.01720858,391022450,5.249629932519718
25383759.0,-12.15175058,-77.02247331,4381412245,13.838632255193076
25396986.0,-12.14528306,-77.01589382,678989819,5.031448097315316
25400280.0,-12.15370284,-77.02098555,1815623586,18.872572801166875
25494744.0,-12.1420493,-77.0163335,678989832,3.868636132265223
25610754.0,-12.13594823,-77.02279874,3952827980,10.984022866069624
25627614.0,-12.13913383,-77.02149586,391019994,43.976047833385515
25738413.0,-12.14294942,-77.01477703,678989824,35.36170517925267
25796838.0,-12.15325915,-77.02303772,10083100522,18.071953532938142
25807428.0,-12.14231876,-77.02335473,391009551,14.784561345399615
23094771.0,-12.1452474,-77.01913409,434289054,5.12828877459885
20472270.0,-12.15255706,-77.01886253,4884495900,55.39558193731117
22708002.0,-12.15324799,-77.02301913,1838358319,19.654532882497325
22073658.0,-12.15205151,-77.01983211,5343672123,7.770808676543138
22766088.0,-12.15577811,-77.0219916,1815623554,99.22688290551743
23998392.0,-12.15284435,-77.02186054,434289131,54.89212189316797
21868869.0,-12.14491112,-77.01950219,1273464952,5.949102519751775
24902811.0,-12.15262355,-77.01941832,316634035,25.102467297092026
22875411.0,-12.14553034,-77.01567404,678989819,31.606352807927138
24799629.0,-12.1422452,-77.02311091,391009551,13.072721341546503
20570484.0,-12.13730418,-77.02040946,391017389,10.304423261405372
20601114.0,-12.13943347,-77.02124446,391019994,4.98448977184196
25495086.0,-12.15197864,-77.02243446,4381412246,10.189844219399216
24266049.0,-12.14323484,-77.01919166,434288215,5.171527563040833
21819228.0,-12.1497593,-77.01707644,678989753,36.8727253426306
20401278.0,-12.15383175,-77.01928119,459457260,0.9784255132599271
20114493.0,-12.15255586,-77.01961812,316634035,15.497060159524183
24028446.0,-12.14510172,-77.01904949,434289054,22.8660332058207
20603334.0,-12.14177068,-77.01787582,316633867,12.16784342012867
21475461.0,-12.15572557,-77.02186182,1193564393,90.08572093845851
21791307.0,-12.14416712,-77.01589922,678989814,17.5072715798561
21980670.0,-12.13722048,-77.02066286,391017389,26.2951539230628
24112104.0,-12.14368077,-77.01559309,316757405,17.25925003666998
20632281.0,-12.14241058,-77.02485368,4344761205,34.09137116123409
20253459.0,-12.13974643,-77.01591562,391021179,25.435871541326176
20243496.0,-12.13680268,-77.02438609,391009559,18.187194860298206
20032491.0,-12.15166768,-77.02388552,678989668,8.15282296587459
22194720.0,-12.14296427,-77.01979807,434288208,13.53534830157954
20670477.0,-12.15411426,-77.02330062,10083100527,3.4855450233418566
19865880.0,-12.14531897,-77.01587934,678989819,0.7603782809375894
20244108.0,-12.14172204,-77.0179678,316633867,20.21629561595341
22216161.0,-12.13896644,-77.02133025,391017682,44.69394995615895
20030511.0,-12.13935989,-77.02109537,391019994,13.162213047166778
20814159.0,-12.15532222,-77.02262821,1815623554,14.938980589727525
21520608.0,-12.15278712,-77.02334389,4345043380,51.597839953755376
20601531.0,-12.14864483,-77.01834803,678989759,19.64900331969984
21390915.0,-12.14551855,-77.01917286,3672906437,11.712418503398194
20474337.0,-12.14169557,-77.01782654,316633867,21.184881206439226
23218320.0,-12.14218622,-77.01614334,678989832,22.225936537681587
20656563.0,-12.15369332,-77.02268927,4344559504,37.13806422826857
24546291.0,-12.13832173,-77.02595384,391003241,16.539898367462616
20091216.0,-12.14640349,-77.01924345,316634031,26.08585685498421
21127575.0,-12.15525161,-77.02267636,1815623554,10.885697182086309
20492808.0,-12.13697492,-77.0164872,13175377681,125.15774780869947
21575247.0,-12.15563909,-77.02169188,1193564393,69.33188118508264
22703880.0,-12.14864469,-77.01834444,678989759,19.766230476849458
21554376.0,-12.14494299,-77.01559777,678989823,26.56877216290286
21868779.0,-12.13989195,-77.02546821,391008260,11.483817278791333
21247281.0,-12.13917511,-77.02129733,391019994,27.919985845943035
21525735.0,-12.15147829,-77.02260848,1838358314,16.305257398416245
22405458.0,-12.14104135,-77.01628895,391022455,65.55965197309943
21625488.0,-12.1451858,-77.0205057,434289085,4.953275266948442
22056444.0,-12.14456135,-77.02114778,434289086,46.976071133040726
22421712.0,-12.13965465,-77.02083464,4271747837,17.746386041866973
21612900.0,-12.14708414,-77.02252175,391013943,13.724897820812417
23972484.0,-12.1429338,-77.01991177,434288208,0.9837541815795531
22549785.0,-12.14067133,-77.01853499,391018361,25.317679653873373
20313576.0,-12.14508225,-77.01894647,434289054,32.28020977828666
24083760.0,-12.14219092,-77.02256906,391012566,54.89315078774779
23856603.0,-12.14942669,-77.01830858,678989752,24.157970071857285
21978357.0,-12.13732204,-77.01756256,391020814,25.368301507653683
23951712.0,-12.13688085,-77.01660809,13175377681,108.39416917198776
20142084.0,-12.14782052,-77.01787278,371265030,26.849041149999696
20029446.0,-12.14534835,-77.01916086,1405227825,2.064846243036607
22376940.0,-12.1536901,-77.02124434,1815623586,14.739790430603712
24900528.0,-12.14104784,-77.01310502,391020808,7.132133201150924
25362411.0,-12.15404241,-77.02322218,4381412256,9.182399064230902
20141997.0,-12.1479559,-77.0200154,316634032,3.005797007158442
25621446.0,-12.14540921,-77.01918092,3672906437,7.52359526584375
21784494.0,-12.14931188,-77.018606,678989761,21.988411431465547
20243472.0,-12.13687631,-77.01658164,13175377681,110.39251043769588
20303370.0,-12.14511113,-77.01906493,434289054,21.029123010207982
21875607.0,-12.14529269,-77.01582808,678989819,6.253341355328944
22870524.0,-12.1464461,-77.0194837,316634031,16.728706327132155
20657166.0,-12.15421422,-77.0232366,10083100527,9.673030674439605
21277605.0,-12.14436102,-77.02180733,434289087,19.760983464060438
19789998.0,-12.14229589,-77.01975346,434288997,9.646517883200666
19862337.0,-12.13213832,-77.01921021,4346171737,36.913224674469575
19908834.0,-12.1557363,-77.02188096,1193564393,92.470012145604
19973985.0,-12.13689395,-77.02428164,2174311465,31.4312684640744
19975572.0,-12.15279554,-77.02184251,434289131,50.11947787267759
20012118.0,-12.14211101,-77.01960417,434288997,19.39739489372978
20028630.0,-12.14448668,-77.02113856,434289086,40.13894201994021
20033184.0,-12.15506654,-77.02287961,1815623554,28.745934719028764
20135571.0,-12.1430289,-77.0197136,434288208,24.798556572912418
20225163.0,-12.14181919,-77.0179156,316633867,8.053147770629483
20246745.0,-12.14162111,-77.01763653,3672931642,36.326676465144125
20253789.0,-12.13734873,-77.02546842,391003241,104.42885438398788
20257260.0,-12.14703566,-77.02504136,6128880516,126.0053660334742
20291481.0,-12.14713087,-77.02035657,434289092,38.381516481404546
20304303.0,-12.13816046,-77.02077773,391017683,41.12072678393127
20371728.0,-12.15372126,-77.01956867,10028035065,3.1984612687465224
20388846.0,-12.13619767,-77.01883281,391016298,29.6132471162367
20438571.0,-12.15151667,-77.02260517,1838358314,20.514310815666896
20471904.0,-12.1548352,-77.02167294,1815623578,42.801513044199936
20488218.0,-12.15257547,-77.01855261,4884495900,21.819221799306046
20600598.0,-12.1536882,-77.02267207,4344559504,38.08753502241421
20617638.0,-12.14227461,-77.02076863,434288301,12.473197175191247
20705268.0,-12.15147634,-77.02260368,1838358314,16.252002571949923
20803857.0,-12.15381314,-77.02097062,1815623586,19.007645973531744
20899002.0,-12.14649175,-77.01904189,316634031,50.038551590561056
20982141.0,-12.14523253,-77.01900974,434289054,18.58364822387584
21133872.0,-12.15570229,-77.02180597,1193564393,83.49943373898422
21150819.0,-12.15535193,-77.02291064,371265019,8.179775763093625
21196830.0,-12.14220541,-77.0205986,434288301,13.980018375582759
21276012.0,-12.14323462,-77.01919227,434288215,5.130368907206466
21386748.0,-12.14639352,-77.0192573,316634031,24.247307487241876
21390687.0,-12.15371806,-77.02278236,4344559504,33.24857714837066
21390825.0,-12.1486551,-77.01833518,678989759,21.20570306031061
21403695.0,-12.14427929,-77.02180162,434289087,28.79779829323974
21580863.0,-12.13652425,-77.01702913,13175377681,48.21161586807058
21592665.0,-12.14289769,-77.01986447,434288208,6.487392077151517
21644772.0,-12.14644083,-77.01899623,316634031,52.574560024273545
21892758.0,-12.15408996,-77.02310748,4381412253,4.5469587542908245
21905154.0,-12.13681135,-77.02451556,391009559,17.08190199826927
22068231.0,-12.14432654,-77.02180936,434289087,23.48622845177934
22215405.0,-12.14181673,-77.02215426,391012566,41.675253116199606
22319601.0,-12.14447746,-77.02119112,434289086,36.54987350573121
22335444.0,-12.13685246,-77.02208003,391016290,17.80050892350564
22452027.0,-12.15189867,-77.02258167,4381412243,3.1905157202304393
22460481.0,-12.1514945,-77.02260471,1838358314,18.14765625887452
22608474.0,-12.15384152,-77.02098332,1815623586,18.626519236402135
22757775.0,-12.14632977,-77.02239257,2676305050,35.92141349234912
22980120.0,-12.14503592,-77.01957899,1273464952,20.17695624535226
23042157.0,-12.14384221,-77.02087804,1273591094,10.232263466583388
23130585.0,-12.1458371,-77.0217562,391013653,2.784190419935716
23133888.0,-12.14507629,-77.01957028,1273464952,22.999156614352444
23190132.0,-12.1470434,-77.0152408,434289249,0.5463508457719343
23190375.0,-12.14639135,-77.01924177,316634031,25.67299608674884
23372907.0,-12.14231822,-77.01957744,434288997,10.892113997945025
23515476.0,-12.13852802,-77.0259879,391003241,38.095100727180785
24612270.0,-12.1517017,-77.0225011,4381412245,19.626817959481485
24732048.0,-12.15569649,-77.02188175,1193564393,90.7940074391158
24813780.0,-12.15395133,-77.02326632,4381412256,19.74393800162414
24847491.0,-12.14106772,-77.01321772,391020808,14.684515683878127
24937779.0,-12.13346596,-77.01871375,263638414,14.423396208292367
25169346.0,-12.14418043,-77.0160983,678989814,19.291496339206297
25188702.0,-12.15188589,-77.02263436,4381412243,7.5660853418737775
25257027.0,-12.15280358,-77.02096911,1273787535,10.796497540830233
25267383.0,-12.14613835,-77.02177047,391013653,36.086761829733504
25385163.0,-12.14435175,-77.01604735,678989814,9.29879405024527
25409520.0,-12.13685196,-77.01657167,13175377681,109.7057243225976
25621335.0,-12.13965952,-77.01586213,391021179,36.37780039466588
25781079.0,-12.15491523,-77.02292979,1815623554,46.297134846322216
24125484.0,-12.14634847,-77.01936632,316634031,11.444968151614647
22746636.0,-12.15307316,-77.02294703,4345043380,38.13680432621306
23387535.0,-12.14154489,-77.01745429,391022450,40.54239653929286
23135979.0,-12.13601874,-77.01895505,391016298,5.859979968482861
23328693.0,-12.14617629,-77.01548112,678989808,39.84100364507973
24700386.0,-12.1359405,-77.01786734,10719594836,10.180979029278104
25171959.0,-12.13705736,-77.01631152,391020811,119.62753510169455
20469555.0,-12.14383752,-77.02090774,1273591094,7.362264816341478
24052335.0,-12.14536598,-77.01921146,1405227825,7.63883524273336
23127945.0,-12.15564087,-77.02176197,1193564393,76.43248331888208
25547430.0,-12.14711131,-77.01768612,434289246,22.690155108622005
24085620.0,-12.15282107,-77.0218341,434289131,53.095166534779544
25049073.0,-12.15130241,-77.01962326,434289102,49.95634472291166
22054869.0,-12.14534206,-77.01662369,678989817,20.390851834010242
22765641.0,-12.13841711,-77.01991145,391017684,18.721375002034705
20526879.0,-12.1432977,-77.0219547,391012762,1.9712191540221506
24175188.0,-12.14960379,-77.02080248,1405227784,87.01443177682262
23167455.0,-12.14199382,-77.016387,678989832,11.796687542281846
22513413.0,-12.13924496,-77.01379217,391020809,103.42825823493423
20690700.0,-12.15064211,-77.02097813,316634165,60.26344669771533
20129079.0,-12.14277189,-77.01435446,678989826,17.63188240663978
25208256.0,-12.14366432,-77.01570909,316757396,26.64042870002718
23950563.0,-12.14201431,-77.01637823,678989832,9.790182495075046
24455586.0,-12.1485927,-77.01900987,678989759,66.58037482765661
24580410.0,-12.14918171,-77.01890522,3672893676,4.8429659346666245
22299357.0,-12.13753997,-77.01601392,391020811,87.49513857835188
20282547.0,-12.14938697,-77.01861891,434289137,24.638247364823716
25471563.0,-12.14689797,-77.01835911,434289145,17.924912848930667
24164403.0,-12.1537148,-77.01944185,4297316167,5.79433491090174
20164005.0,-12.15002692,-77.01720063,678989753,6.314438994041123
23189403.0,-12.14670414,-77.01549601,434289249,46.882076675917546
25426413.0,-12.14433656,-77.02124536,434289086,19.913556969145368
23804499.0,-12.14392627,-77.01645171,678989829,30.40437918992948
21345828.0,-12.14692854,-77.02238046,391013943,16.96187595052838
25303143.0,-12.15374582,-77.01937921,4297316167,13.10470896075785
22546215.0,-12.15122591,-77.01943312,434289102,72.1314022379057
22194135.0,-12.14190817,-77.01643115,678989832,21.785264288643877
22878495.0,-12.14154634,-77.01773484,2174304703,31.921742967522455
23470188.0,-12.14149511,-77.02060916,391019999,13.065241090425616
23363601.0,-12.14216932,-77.02037821,434288301,37.38362824184825
24001965.0,-12.14539631,-77.01869341,3672906437,45.87673178327526
22527600.0,-12.14388674,-77.02104453,1273591094,8.50038764054789
25516605.0,-12.14216235,-77.01625195,678989832,12.897239304067853
25274817.0,-12.13845284,-77.01480136,391020810,99.2996218576943
22193895.0,-12.14366128,-77.0177146,391022925,8.317025542973806
20649747.0,-12.13823979,-77.01647553,391020811,18.81743437789218
20110227.0,-12.15092002,-77.02214138,371265022,20.08219287347703
19863891.0,-12.14775434,-77.01806136,371265030,5.53138987794045
24163761.0,-12.14364716,-77.01535074,7245129292,4.282115055042915
20329818.0,-12.14543303,-77.01579904,678989819,14.60939757774031
23116521.0,-12.14332126,-77.02272676,13506032313,6.6749994793952885
21430086.0,-12.13842824,-77.01993049,391017684,16.41753818757909
24486705.0,-12.143531,-77.015829,316757406,39.06879377076109
24921684.0,-12.14499099,-77.01662482,678989817,25.454775641689874
20601309.0,-12.1420177,-77.0207068,434288301,17.16981385553868
20171661.0,-12.13841753,-77.01799552,263641107,17.3528581492446
22545606.0,-12.14589705,-77.01527327,678989808,2.693448785947932
22167798.0,-12.14433723,-77.02125583,434289086,19.474244224105284
25686012.0,-12.14152811,-77.02046077,434288316,12.081758485067704
21669309.0,-12.15382419,-77.01931658,459457260,4.650679144652161
24614967.0,-12.13959321,-77.01780999,4266808709,62.939041997196746
24839025.0,-12.13663367,-77.01873368,4346175440,12.087735806409881
24881874.0,-12.14383072,-77.0165426,678989829,15.92555606004171
23337303.0,-12.14497436,-77.01853957,391022922,4.265320542428714
19881885.0,-12.13660732,-77.02117178,391016292,57.97294457863719
22515663.0,-12.14699893,-77.02155887,1192945730,49.926322940781134
21335934.0,-12.14362789,-77.01661456,678989829,11.747269215179296
21966489.0,-12.15574417,-77.02192107,1193564393,96.7953682193566
24103065.0,-12.15129475,-77.0197359,434289102,38.551337340525365
22626696.0,-12.1460805,-77.01541425,678989808,27.040511018846537
23551113.0,-12.15128803,-77.01964494,434289102,48.13434074907054
25506276.0,-12.14288806,-77.02178353,434288150,23.92956065586743
22434693.0,-12.1417768,-77.01913429,434288571,36.10737136106534
22818378.0,-12.1467261,-77.01551725,434289248,45.62517558449693
20651574.0,-12.15360386,-77.02293309,4344559504,16.44874993665485
24815040.0,-12.14971468,-77.01809174,678989748,13.064926364860392
23615259.0,-12.14333003,-77.01589063,4203689689,28.28930450938147
21190989.0,-12.15090379,-77.02212709,371265022,21.466366592018236
23431995.0,-12.14647476,-77.01893836,316634031,59.72355965427205
24080061.0,-12.14174619,-77.01926282,434288571,22.552016110258055
23435220.0,-12.13993604,-77.02553101,391008260,4.175927792932748
23222301.0,-12.15077467,-77.02131054,371265022,91.61352449492706
25653519.0,-12.14929995,-77.01889827,434289137,9.134865044346487
23548584.0,-12.14744816,-77.02017798,1405227860,38.21054810495771
22898907.0,-12.13888044,-77.01791984,4345082542,16.956415341765602
22467309.0,-12.13139368,-77.0189567,263635519,20.562352363871103
23304276.0,-12.14221805,-77.0202534,434288301,51.18702333062271
24683394.0,-12.13500665,-77.02026939,4344925246,12.99087503919374
25565256.0,-12.13706815,-77.01955065,391017391,15.475175231872683
23280765.0,-12.1556655,-77.0217175,1193564393,73.07122112874767
24236358.0,-12.1500766,-77.02358228,4381412278,65.80846949589423
23094858.0,-12.13752783,-77.01581844,391020811,104.2739875612376
24723921.0,-12.15029873,-77.02242029,1194106545,21.03394827294531
23230815.0,-12.14327962,-77.01903593,434288215,20.832067648263816
23129064.0,-12.14146872,-77.01423732,391021177,32.43417348594897
24958842.0,-12.14200482,-77.01741725,3672931642,20.32984057810476
23826048.0,-12.1485927,-77.01900987,678989759,66.58037482765661
20501697.0,-12.14668646,-77.01955882,434289143,14.884818166449886
20858814.0,-12.1419359,-77.01955729,434288571,37.79323888981727
22617276.0,-12.14552736,-77.01796411,4346341384,23.36055003741526
24079092.0,-12.13665221,-77.02113285,391016292,55.4769611035294
20172885.0,-12.13690351,-77.01651552,13175377681,117.9795693978598
19984182.0,-12.14706645,-77.01617825,434289247,1.2723506107439866
21020208.0,-12.14716085,-77.02147637,434289093,48.83511630036751
24531960.0,-12.15572361,-77.02193552,1193564393,97.33470640978462
24738537.0,-12.14366071,-77.02071723,434289058,19.46589905149883
22229760.0,-12.13899893,-77.01765991,391007541,6.024394766242016
23221818.0,-12.15098822,-77.02191623,371265022,22.116491035207215
22045137.0,-12.14139288,-77.02211915,263622404,27.17429936093537
23888034.0,-12.14435433,-77.02131383,434289086,19.65422848982402
19775835.0,-12.14623356,-77.01944932,1839460740,6.454980973944796
19833096.0,-12.1479031,-77.0181148,371265030,20.51109484518004
25753905.0,-12.13923262,-77.01387281,391020809,99.03803069702478
19850646.0,-12.14787247,-77.01815935,371265030,18.303335345195528
22136616.0,-12.14170671,-77.01934101,434288571,13.297818741073282
24559818.0,-12.14172673,-77.01745675,3672931642,28.549536636614533
19804719.0,-12.13803015,-77.0167395,391020811,19.2957856819191
20610774.0,-12.1491084,-77.02022825,1405227784,108.94991154653741
20262633.0,-12.139261,-77.0138465,391020809,98.28569676657227
23911986.0,-12.15083772,-77.02201185,371265022,29.61700524198425
24612621.0,-12.1442914,-77.0215229,434289086,24.29007495070534
24191982.0,-12.14138822,-77.02037621,434288316,14.371322271837098
21837861.0,-12.14588624,-77.01525512,678989808,1.5486577481199193
22406160.0,-12.14204184,-77.01629943,678989832,1.5093043276315872
21307119.0,-12.15102258,-77.02209627,371265022,7.920465191653576
25008408.0,-12.14773468,-77.0181008,371265030,1.7682995286654646
22053657.0,-12.14146512,-77.02066898,391019999,7.643863269029125
23546367.0,-12.13934642,-77.01776374,4345082542,37.77742244041747
21524487.0,-12.13929804,-77.02052738,391007682,19.625543196487605
21775218.0,-12.13919031,-77.0138465,391020809,104.5134691646063
24732309.0,-12.13930421,-77.01388379,391020809,92.01216827607537
21421797.0,-12.15252563,-77.01985116,316634035,29.736389163854497
20842614.0,-12.15128581,-77.01963098,434289102,49.65453398012135
24005934.0,-12.15234154,-77.02195011,434289131,3.0780076088021797
23100516.0,-12.14304136,-77.02193349,391012761,7.619342819083471
22546155.0,-12.14920149,-77.02024883,1405227784,98.79758608960157
19775886.0,-12.14633598,-77.01934195,316634031,13.29794657820304
19775934.0,-12.14636399,-77.0192189,316634031,26.97549994212558
19791210.0,-12.13909621,-77.01786412,4266808709,8.003269227058842
19793694.0,-12.13906421,-77.01996952,1273880833,21.476542024645216
19794738.0,-12.14062234,-77.01836686,391018361,6.92311515965356
19833729.0,-12.15529065,-77.02287003,371265019,8.692818977623414
19839558.0,-12.14927283,-77.01889316,3672893676,7.024969192565782
19871946.0,-12.15133425,-77.01976119,434289102,34.58409593645829
19879227.0,-12.14117996,-77.0172791,391022450,6.700376133738088
20002557.0,-12.14230527,-77.02321957,391009551,1.394092004474514
20037885.0,-12.15316598,-77.02285651,4344559504,33.138213233232314
20121288.0,-12.14864838,-77.01850621,678989759,21.75329842230764
20161899.0,-12.14034398,-77.01785638,2174297459,6.765845336300487
20254725.0,-12.14449202,-77.018806,678989810,22.992858976457917
20265309.0,-12.14367392,-77.01534902,7245129292,6.961536123786529
20340267.0,-12.15065941,-77.02098947,316634165,62.06871210319086
20348595.0,-12.14159164,-77.01791418,2174304703,15.985825857551621
20354976.0,-12.14588968,-77.02168572,391013653,12.024675779768435
20372823.0,-12.14642119,-77.02215342,2676305051,43.595750620587296
20401722.0,-12.15053626,-77.02012648,1839467992,21.529878983936
20500818.0,-12.14175306,-77.01763565,3672931642,21.852977507644557
20528661.0,-12.13546309,-77.02173701,391015696,25.08064286636439
20557653.0,-12.15548384,-77.0227212,371265019,18.42098220867178
20563518.0,-12.14361272,-77.01794019,391022925,20.20446776709453
20579379.0,-12.14055359,-77.02421279,391010575,32.97405148312327
20593959.0,-12.14291196,-77.02208152,434288150,8.609608939844794
20610921.0,-12.14985321,-77.02063366,1405227784,56.47234478969278
20618205.0,-12.14135421,-77.02053406,434288316,8.796004550676532
20656827.0,-12.14635354,-77.0168259,2603948896,49.78474931891499
20659677.0,-12.15369638,-77.0196018,10028035065,1.3359498505605774
20672907.0,-12.13907124,-77.01783144,4345082542,6.370004357700085
20687889.0,-12.14171948,-77.01929299,434288571,18.1481636392929
20698932.0,-12.15231831,-77.02003126,316633878,19.253153947226146
20738130.0,-12.1416391,-77.01954166,434288571,12.708961521425728
20808150.0,-12.15187164,-77.01801128,678989705,0.895743650945935
20831826.0,-12.14568694,-77.01843288,678989792,39.70655416092552
20841405.0,-12.14368012,-77.01567677,316757396,22.89818485619613
20842350.0,-12.15076917,-77.0212031,316634165,88.10397355188555
20884116.0,-12.14772457,-77.02209636,3825454543,12.947632554807175
20895927.0,-12.14560329,-77.01830471,4346341384,35.25172102430078
21059355.0,-12.13708828,-77.02020795,391017389,26.86252329850102
21089283.0,-12.15128433,-77.01968367,434289102,44.2734320378243
21417444.0,-12.14312741,-77.02358353,391009550,46.73022227047792
21469740.0,-12.13928192,-77.02003071,391018032,13.58098164818879
21501900.0,-12.14180252,-77.0138633,371265034,13.131904542454402
21534447.0,-12.14749367,-77.02015483,1405227860,32.60842313866027
21555138.0,-12.1442538,-77.014905,678989822,2.693631247197238
21661401.0,-12.15015045,-77.01897231,678989751,29.121462174805796
21718308.0,-12.15338939,-77.02314072,4345043381,6.313288266589941
21750237.0,-12.14184302,-77.01820424,1579083033,6.005018434340488
21754896.0,-12.15038465,-77.01855655,678989747,10.364677254650255
21800766.0,-12.15125155,-77.01953686,434289102,60.53739602106448
21889398.0,-12.13939652,-77.01789359,4266808709,40.35599022375652
21927072.0,-12.15030011,-77.01994541,678989746,12.785364585555559
21929223.0,-12.1414562,-77.01964215,391020322,14.571869838942344
22115697.0,-12.14289973,-77.02189008,434288150,12.358636700063297
22142724.0,-12.14952874,-77.01833662,678989748,20.87434704521912
22180104.0,-12.14363532,-77.02063831,434289058,11.689810227307474
22282635.0,-12.15253339,-77.01889118,4884495900,58.824293110453446
22433754.0,-12.13751779,-77.01591266,391020811,97.13631078835374
22454052.0,-12.149235,-77.018755,678989761,3.7557560331800284
22462167.0,-12.13856609,-77.01784076,263641107,37.74110895990066
22491594.0,-12.143192,-77.01915393,434288215,5.5029993993908555
22512939.0,-12.15073048,-77.02207284,371265022,40.34539893549761
22550514.0,-12.14182935,-77.01811557,316634246,1.604683971474058
22577649.0,-12.1387547,-77.01777158,391007541,24.951805781248837
22602558.0,-12.14197084,-77.01389119,371265034,11.437258029013364
22684038.0,-12.1492998,-77.018787,434289137,4.023446065078587
22723578.0,-12.14167708,-77.01756939,3672931642,29.953110694258474
22758291.0,-12.15132113,-77.01976541,434289102,34.56206200710413
22765515.0,-12.1510035,-77.02217522,371265022,13.68050429842182
22842291.0,-12.15364329,-77.01947499,4297316167,3.3866240823947646
22879728.0,-12.1433045,-77.0249021,2887499843,25.65064095054292
22880850.0,-12.14154863,-77.01788467,2174304703,16.251596735734246
22888884.0,-12.15392452,-77.02323408,4381412256,22.26653875920105
22905306.0,-12.13685987,-77.01659728,13175377681,107.94624299434521
22926210.0,-12.1461074,-77.01541161,678989808,29.16259986259644
22935090.0,-12.15125239,-77.01966632,434289102,47.304996069896156
22937901.0,-12.15364018,-77.02305207,1838358319,24.230432177565724
22964757.0,-12.14605402,-77.01541602,678989808,25.061555763129608
22965078.0,-12.1411388,-77.01775133,2174304703,49.52323292050452
22991097.0,-12.14180172,-77.01371249,371265034,15.671064573401269
23058897.0,-12.1423443,-77.0237542,391009551,58.13178050910263
23098209.0,-12.14223178,-77.02317968,391009551,8.128913444714692
23113452.0,-12.13751723,-77.0159406,391020811,94.94659803075612
23174499.0,-12.14059629,-77.02435448,391010575,17.79387925579662
23223111.0,-12.14561035,-77.0189821,3672906437,24.696096043229964
23223552.0,-12.1418314,-77.01652812,678989832,35.208543897643175
23224557.0,-12.1416626,-77.01583619,391023510,15.79179449521456
23225487.0,-12.13945034,-77.02375395,391007961,11.025896319064914
23265666.0,-12.14184753,-77.01807574,316634246,3.6164253860514473
23289498.0,-12.15203817,-77.01974146,5343672123,12.950460396648877
23301270.0,-12.14847962,-77.01833582,678989759,7.803060795719526
23320554.0,-12.14520263,-77.01679355,678989817,6.484099044562814
23330871.0,-12.14579954,-77.01533017,678989808,14.122636924064349
23337099.0,-12.15127243,-77.01974333,434289102,38.75463069806408
23402367.0,-12.13605373,-77.01911328,391016298,15.079618906042931
23594559.0,-12.14216781,-77.01737543,3672931642,34.24818700760047
23597583.0,-12.14711679,-77.02490427,6128880516,137.78791152046225
23646393.0,-12.13905633,-77.01539219,391020810,11.044347776926315
23790300.0,-12.14079997,-77.01827075,391018361,25.284979948192518
23829591.0,-12.14644788,-77.01962472,1839460740,24.29907924200179
23832333.0,-12.15008557,-77.023621,4381412278,66.86044938762184
23836734.0,-12.14653107,-77.02224193,2676305051,31.93659244838673
23867319.0,-12.14733268,-77.02107019,434289093,46.433468689674804
23873571.0,-12.14640127,-77.02163422,1192945730,17.292547518495457
23895849.0,-12.1503373,-77.02002889,678989746,4.164543559875107
23908050.0,-12.1497404,-77.0181812,678989748,12.494744120928877
23932881.0,-12.14202598,-77.01446152,678989826,71.35296333011587
23934321.0,-12.14925563,-77.02024882,1405227784,92.81065161270041
24021765.0,-12.15073497,-77.02119913,316634165,86.31691284255561
24025233.0,-12.14464579,-77.01527355,678989823,22.147689817288004
24052410.0,-12.14119033,-77.01969196,391020370,18.595045092820534
24067461.0,-12.14707111,-77.01613338,434289247,5.131122752812985
24159975.0,-12.14910377,-77.02023383,1405227784,109.49835879973796
24236442.0,-12.14202598,-77.01446152,678989826,71.35296333011587
24252405.0,-12.15126785,-77.01972297,434289102,40.97898395553259
24277593.0,-12.13933768,-77.02131686,391019994,14.525775186558699
24308454.0,-12.1442914,-77.0215229,434289086,24.29007495070534
24357174.0,-12.13921644,-77.01380501,391020809,104.96266393813029
24542349.0,-12.14687415,-77.0204919,434289092,6.83150114246272
24571161.0,-12.13959731,-77.02376234,391007961,26.260830801043994
24605019.0,-12.13740463,-77.01592367,391020811,105.13915996669228
24616917.0,-12.15119426,-77.01951226,434289102,65.21999207084518
24710964.0,-12.13515012,-77.02009453,4344925246,14.999585171370416
24712386.0,-12.14054693,-77.01260282,678989885,14.84635702811037
24881352.0,-12.14088407,-77.01765878,2174297459,56.97969513146535
24955965.0,-12.13928266,-77.01788498,4266808709,27.757636098021386
24963798.0,-12.15348397,-77.02047245,1815623582,27.39481502645446
24996534.0,-12.14225246,-77.02264095,391009551,63.11475621860368
25028358.0,-12.14421875,-77.02140109,434289086,8.806298420548513
25028862.0,-12.14655391,-77.01889114,434289145,64.3202882630484
25030734.0,-12.13941422,-77.02063591,391007682,8.54293469131451
25032345.0,-12.1435403,-77.01522497,7245129292,14.107358088000185
25046439.0,-12.1466237,-77.0216176,1192945730,7.936146565287794
25051560.0,-12.14202598,-77.01446152,678989826,71.35296333011587
25151388.0,-12.15053088,-77.02002824,1839467992,23.437761977204932
25284381.0,-12.14568225,-77.0191953,316633871,16.684262464756976
25318533.0,-12.14346846,-77.02067196,434289058,12.993388543773442
25367532.0,-12.14647982,-77.02234047,2676305051,40.74353065578684
25469502.0,-12.13673459,-77.01853944,4346175440,14.23240478969291
25470015.0,-12.13749118,-77.01593267,391020811,97.56589628365502
25477731.0,-12.14364622,-77.020705,434289058,17.412298735132467
25570680.0,-12.14394196,-77.01567402,316757396,20.30960577246492
25665939.0,-12.13929376,-77.01381903,391020809,97.43144248550068
25667721.0,-12.1485927,-77.01900987,678989759,66.58037482765661
25681497.0,-12.14343457,-77.02069321,434289058,17.256594688845407
25739565.0,-12.14216943,-77.01626724,678989832,13.101207821717306
22141470.0,-12.14811553,-77.02123094,434289093,60.737468738472124
22419054.0,-12.14281137,-77.02011902,434288208,25.40169513309122
25219566.0,-12.14190225,-77.01495459,678989831,30.505669023053805
21244158.0,-12.14662185,-77.02156223,1192945730,11.389551922617525
23777664.0,-12.1504176,-77.02154075,1319962140,45.87230227383049
21731994.0,-12.13899858,-77.01554939,391020810,25.949833976566755
22729122.0,-12.14613496,-77.01698565,2603948896,20.936770040040006
24074505.0,-12.1339156,-77.02134814,197654185,44.88030807987107
24174045.0,-12.13935072,-77.01370901,391020809,101.47049342976506
23114670.0,-12.138578,-77.02077816,391017683,5.246631004057447
23476206.0,-12.14812307,-77.01987597,316634032,26.587241554326667
21523326.0,-12.14276686,-77.02005208,434288208,23.007738286631582
22385193.0,-12.14188969,-77.02217064,391012566,34.42165227442649
20226504.0,-12.15409848,-77.02332619,10083100527,6.447296407888782
25595115.0,-12.13815733,-77.02492896,391007966,55.90010218365005
25678290.0,-12.13151366,-77.01811895,263635941,80.29491692227016
20337150.0,-12.14591472,-77.02177165,391013653,11.28583914674316
23094801.0,-12.14406024,-77.02470749,2887499843,76.23479455084328
22211799.0,-12.14188406,-77.02217218,391012566,35.06630678176411
25220892.0,-12.14691985,-77.02067744,434289092,17.460821269897444
25381779.0,-12.1428548,-77.0202142,434288208,33.25536212023487
20651529.0,-12.14383104,-77.01555045,316757396,2.425856177538166
24278019.0,-12.14439099,-77.01699695,678989811,21.097772747053003
25332966.0,-12.14636627,-77.01960103,4266825894,15.466108659015905
23390028.0,-12.14638188,-77.02280281,391009544,28.285726474699526
23112156.0,-12.14127442,-77.01725856,391022450,4.311577968068535
22960758.0,-12.1385166,-77.02511591,391007966,11.158597237366592
23399739.0,-12.13976047,-77.01781644,2174297459,71.4606859284277
24996381.0,-12.1504538,-77.02187657,1319962140,41.15180993301429
24469419.0,-12.14674584,-77.01822128,434289145,11.767437662662344
24657663.0,-12.14759332,-77.02146207,434289093,6.358533312801833
24202482.0,-12.14340452,-77.02205788,4344675713,14.793218584984565
21287133.0,-12.1428548,-77.0202142,434288208,33.25536212023487
22325436.0,-12.14195477,-77.02222302,391012566,30.55789963310014
23102277.0,-12.14573869,-77.01628687,678989807,3.2947743671849823
20592966.0,-12.13685937,-77.02439693,391009559,23.33483225740431
19774833.0,-12.14922518,-77.02025276,1405227784,96.21539265032027
25271691.0,-12.14345493,-77.01638392,678989829,41.66803352883401
20083845.0,-12.14073177,-77.01673014,391022455,6.684022353662299
21602208.0,-12.1485927,-77.01900987,678989759,66.58037482765661
24114711.0,-12.14684757,-77.01971399,434289143,9.797449497553215
25610220.0,-12.14717379,-77.02234882,391013943,30.95511355097573
23450409.0,-12.14762549,-77.02196103,1717282343,12.70891230077795
25110381.0,-12.1444919,-77.02119609,434289086,37.800194202369
21830169.0,-12.15251793,-77.01852743,4884495900,21.470128623284413
20325558.0,-12.14208539,-77.02329193,391009551,24.2716657119717
23435400.0,-12.13753595,-77.01606499,391020811,84.04470217729693
20355735.0,-12.14557169,-77.01793707,4346341384,29.057850760003817
22213059.0,-12.13843452,-77.01623513,391020811,52.33063749223411
25176153.0,-12.14659542,-77.01958827,434289143,22.564233177721377
24675714.0,-12.14689724,-77.01948448,434289143,20.993262303880158
20531826.0,-12.1422907,-77.01801627,3672931639,20.527567639376482
21384633.0,-12.14628113,-77.02236993,2676305050,31.220959834424868
23870256.0,-12.14785599,-77.01778965,371265030,36.690144277110036
22757397.0,-12.14697553,-77.01671112,434289247,58.5530314098615
22194207.0,-12.13155146,-77.01810872,263635941,75.96087039874556
20146533.0,-12.14397019,-77.02012216,434289058,68.63037458809667
20678841.0,-12.14419582,-77.01715705,678989811,6.753919024139341
23809881.0,-12.13835826,-77.01622628,391020811,47.53686332300039
25215363.0,-12.13743309,-77.0159667,391020811,99.66426932522796
20164296.0,-12.13169481,-77.01800344,263635941,58.607978226675876
25346652.0,-12.1478967,-77.02005076,316634032,5.600487918382306
21826782.0,-12.14115619,-77.01436503,391021177,20.796065969546962
24912558.0,-12.15283743,-77.02149444,1815623566,29.327042897731104
24172812.0,-12.1470407,-77.02074869,434289092,31.98060725295521
23704311.0,-12.14348739,-77.02326373,391009546,17.331181201666425
24982275.0,-12.14028413,-77.02162415,391019946,52.40606387852994
23750289.0,-12.13943654,-77.02134947,391019994,15.919738046631926
23532840.0,-12.14965921,-77.02162734,1319962140,51.420374927824696
23955117.0,-12.14974133,-77.01796626,678989748,25.74380416200211
21721920.0,-12.146368,-77.019498,316634031,8.948726242417585
21883134.0,-12.14775039,-77.01997973,1405227860,8.65853026968231
25135707.0,-12.13887308,-77.01768328,391007541,11.120795127421454
21811026.0,-12.14699133,-77.01655387,434289247,41.42784598687232
21062244.0,-12.14149578,-77.02029758,434288316,23.50402934017735
24750870.0,-12.14156844,-77.0206119,434288316,19.66532973408777
22472490.0,-12.13938749,-77.02563272,391008260,65.94847038331277
24314424.0,-12.14601938,-77.01735769,678989790,9.785202731096465
23882937.0,-12.14402845,-77.01567915,316757396,27.7085720972397
22899531.0,-12.13731769,-77.01742084,391020814,39.469486864545495
25283163.0,-12.14146165,-77.01592528,391023510,12.990999415778614
23332110.0,-12.14616277,-77.01780291,678989790,41.578190912394895
24990186.0,-12.14496776,-77.02303867,391009545,35.17506921638252
22623453.0,-12.15105173,-77.02213583,371265022,6.870564723888534
21637887.0,-12.14921841,-77.0188243,678989761,4.002489527469842
25136106.0,-12.144955,-77.022495,391009545,66.01815550406138
23608011.0,-12.14349105,-77.01612588,4203689689,33.93128830818193
24644472.0,-12.14682373,-77.01954312,434289143,11.592567512031193
25389102.0,-12.1414926,-77.01586447,391023510,5.5747384255597465
25601115.0,-12.14288814,-77.02001813,434288208,11.80383147219365
25284576.0,-12.14219423,-77.02026835,434288301,49.36831625168911
24583647.0,-12.13855205,-77.01609447,391020811,72.37198568604228
24101046.0,-12.13606824,-77.0175164,13175377681,27.4402116710964
21063918.0,-12.14381361,-77.01845605,2489287675,38.47661554794585
24670992.0,-12.14418938,-77.01613514,678989814,21.63240247665238
24977268.0,-12.15572613,-77.02192425,1193564393,96.31409743723827
22329774.0,-12.14004038,-77.01768807,2174297459,43.730317945389785
23643369.0,-12.14145915,-77.02032326,434288316,19.771130225814
25433331.0,-12.14926939,-77.01883137,434289137,1.8585500080191792
22871805.0,-12.14131527,-77.01738013,391022450,16.162041313629384
24755715.0,-12.15573103,-77.02248922,4381382032,45.74804008662498
19907871.0,-12.1437266,-77.0190228,434288215,62.744780770709326
24469377.0,-12.13753632,-77.01596919,391020811,91.23659210894712
22007670.0,-12.14376837,-77.01862605,434288151,39.52065218126535
24814407.0,-12.13944467,-77.02176354,391007683,28.094903966452954
23980158.0,-12.14673369,-77.02058642,434289092,12.366946047379615
22436172.0,-12.1443822,-77.01885085,678989810,35.00674727677501
22630902.0,-12.14782112,-77.02010682,1405227860,7.764033307189655
25570860.0,-12.14978516,-77.02305838,1949862586,50.631707178676976
22623129.0,-12.1485927,-77.01900987,678989759,66.58037482765661
21093234.0,-12.14606946,-77.02176278,391013653,28.434238419555037
23364348.0,-12.14487421,-77.0185895,391022922,14.878039298965666
24994902.0,-12.1432285,-77.02475036,2887499843,18.030260686597803
22349982.0,-12.14354702,-77.01607139,4203689689,40.24580885321392
20667744.0,-12.14185847,-77.0221965,391012566,38.660123519511316
22158222.0,-12.1413571,-77.02340042,391012553,13.897687296268037
22853289.0,-12.1461398,-77.02169844,391013653,36.93946727779339
24728799.0,-12.13944883,-77.0223008,263622407,6.570059206457585
23436993.0,-12.13687418,-77.01655306,13175377681,112.77386980883044
19971465.0,-12.14783727,-77.01811057,371265030,13.194497907208413
24567567.0,-12.14520076,-77.01496337,678989820,20.488328949189864
21789000.0,-12.14169898,-77.01681911,678989832,68.97879030926357
20705334.0,-12.1426014,-77.015642,678989833,2.2203151265928502
25034226.0,-12.14203939,-77.02325106,391009551,28.315773617185435
20957685.0,-12.145169,-77.021789,434289087,70.58239423912211
20395755.0,-12.13971996,-77.01788417,2174297459,76.02084412885041
24402021.0,-12.15019356,-77.02258429,1194106545,20.816109677837442
21715782.0,-12.14133064,-77.02308407,391012553,26.929349450978435
20944278.0,-12.13930448,-77.02119828,391019994,11.737466721722376
22659186.0,-12.14962095,-77.01803043,678989752,12.976069367995663
20261886.0,-12.145457,-77.0190941,3672906437,3.7809944145140078
22219650.0,-12.13948414,-77.02164383,391007683,40.99888185120379
21659277.0,-12.15654065,-77.02435805,4345043384,120.32624192373486
25519311.0,-12.1333839,-77.02074276,4337278600,31.113230192911807
23892075.0,-12.14529413,-77.02043622,434289085,18.640995462448515
23418759.0,-12.1428548,-77.0202142,434288208,33.25536212023487
25264077.0,-12.14633272,-77.0194594,316634031,3.912370799199717
20397984.0,-12.14702688,-77.01635075,434289247,19.03638008711304
22890729.0,-12.14284464,-77.02120146,434288204,6.4253546329557825
25311093.0,-12.14283889,-77.02074856,434288206,17.36686592172647
24842592.0,-12.14455938,-77.01517667,678989821,32.41678668339514
23338041.0,-12.14192474,-77.01751393,3672931642,9.060756517672772
21801966.0,-12.1414494,-77.02032109,434288316,19.83956690671621
20789370.0,-12.14910684,-77.01793918,678989752,54.382815696725785
21425247.0,-12.14138633,-77.02061634,391019999,6.454202166869939
25341123.0,-12.13945325,-77.0236012,391007961,13.590074279075278
21412212.0,-12.15577874,-77.02275121,4381382032,22.389870625045358
20112519.0,-12.14984538,-77.02308424,1949862586,57.336904808627494
24379413.0,-12.14708414,-77.02252175,391013943,13.724897820812417
24287130.0,-12.14744162,-77.02329186,1192945766,16.17898878118465
24571113.0,-12.13928773,-77.01789094,4266808709,28.290642504706913
25459710.0,-12.14761384,-77.02162364,434289093,23.980132397635227
24681711.0,-12.14271695,-77.01452743,678989826,7.595503492373968
23658783.0,-12.13684652,-77.0165741,13175377681,109.14558877597548
25238154.0,-12.14974868,-77.01925114,678989751,26.5839160494956
21600120.0,-12.15674271,-77.02426677,4345043384,116.81739178945148
24941208.0,-12.15532188,-77.02178843,1193564393,74.3593721347417
22105263.0,-12.14452632,-77.02582787,5005642847,83.34906752740609
22550262.0,-12.14814335,-77.02123279,434289093,63.62344015417683
24456384.0,-12.1405157,-77.0211089,391019946,23.003854358476733
23817306.0,-12.14689361,-77.02048232,434289092,9.047432055923492
22925250.0,-12.14206272,-77.0180332,3672931639,19.087288696824842
25688838.0,-12.14136853,-77.01743026,391022450,24.030104223382843
20146290.0,-12.14188309,-77.02212168,391012566,33.7238998647043
20291124.0,-12.15011061,-77.02251651,1194106545,31.17711187461222
24514374.0,-12.14427342,-77.01881072,678989810,47.11391968039314
24027876.0,-12.13892231,-77.01772876,391007541,5.838368174187338
25271763.0,-12.1540806,-77.0231847,4381412253,5.804049696783526
20855565.0,-12.13815285,-77.02233372,3952827987,29.92406825234321
22891488.0,-12.14608276,-77.02167801,391013653,31.34156567283407
21160311.0,-12.1428548,-77.0202142,434288208,33.25536212023487
25377837.0,-12.14168745,-77.0175988,3672931642,28.680471591769575
20829279.0,-12.14988592,-77.02319218,1949862586,63.27752713210639
25654416.0,-12.14675047,-77.01835531,434289145,3.072023708456493
23817840.0,-12.14377469,-77.0176597,391022925,15.152365015061294
24619863.0,-12.15243006,-77.0219672,434289131,7.615388336082161
21987078.0,-12.14701401,-77.016724,434289247,59.456785273550736
22727991.0,-12.1414532,-77.02336263,391012553,22.043990548784155
25345770.0,-12.14460095,-77.02296233,391009545,8.260840023517094
23804334.0,-12.14173658,-77.01753624,3672931642,24.071440541857754
22349988.0,-12.1396068,-77.02213595,263622407,18.479511204354022
23908137.0,-12.13701382,-77.01884145,4346175440,48.28877520629753
21548400.0,-12.13939922,-77.01780568,4266808709,41.90859605221474
23808831.0,-12.15121721,-77.02243909,1151314377,26.35072160119725
23101131.0,-12.14339037,-77.01749967,391022927,33.85351455496202
21442266.0,-12.13886248,-77.01771125,391007541,11.998271871710234
22019994.0,-12.1384705,-77.01606922,391020811,68.6481288011876
22074165.0,-12.14999564,-77.01930789,678989751,14.89498075984993
20611572.0,-12.14383361,-77.02315456,391009546,47.48129162442845
22763430.0,-12.14030174,-77.0177223,2174297459,17.384201754097944
22155090.0,-12.13915164,-77.01528419,391020810,9.34661699587751
23808291.0,-12.14125612,-77.02224269,4344600231,10.957926501273846
21951885.0,-12.14273626,-77.01449598,678989826,7.762303023924508
25661781.0,-12.13965838,-77.02355129,391007961,35.48593056339766
23398425.0,-12.1366601,-77.0249748,391009559,54.378458183146755
25561479.0,-12.14710232,-77.02097296,434289092,55.39015347264811
24336411.0,-12.14708294,-77.02498256,6128880516,132.2658573158757
20723364.0,-12.14474638,-77.02593551,5005642847,76.40339230398948
22934865.0,-12.13850917,-77.01468718,391020810,103.00681392444005
23853876.0,-12.14776529,-77.01798253,371265030,13.478496622601538
22116570.0,-12.14438355,-77.01721911,678989811,19.936040325386116
20600934.0,-12.1403291,-77.01774358,2174297459,13.677756091362467
25610535.0,-12.14227128,-77.01616457,678989832,28.01998945498975
22658118.0,-12.13863743,-77.02508666,391007966,8.759992546770539
21645657.0,-12.13958883,-77.02367375,391007961,24.329212526739305
23280015.0,-12.1459918,-77.02171248,391013653,20.596029605649047
25261587.0,-12.14983979,-77.01919797,678989751,15.310267519663714
21800295.0,-12.1470646,-77.017128,434289246,71.55483013045054
22743075.0,-12.13995412,-77.01790265,2174297459,50.308967220443094
21763857.0,-12.13170742,-77.02020739,263636372,2.0591200849588995
23987745.0,-12.1485927,-77.01900987,678989759,66.58037482765661
23994414.0,-12.14342281,-77.01750569,391022927,37.095073217872965
20504568.0,-12.13710125,-77.01630647,391020811,115.04555924807649
20705418.0,-12.14874569,-77.02062327,2489287674,107.7611121604813
24799440.0,-12.1510973,-77.0220619,371265022,2.99082714575723
22375743.0,-12.14849264,-77.02264248,1717282356,25.776579991479366
23340336.0,-12.13576671,-77.01797905,3316136608,10.18873334221122
25114866.0,-12.144955,-77.022495,391009545,66.01815550406138
24037236.0,-12.14270446,-77.01450269,678989826,4.80424802892164
21851334.0,-12.14413538,-77.01515335,678989821,26.773528160374763
25443354.0,-12.14210488,-77.02313926,391009551,22.671006813028427
22841472.0,-12.13685789,-77.02049756,391017389,40.181377535270386
24920901.0,-12.13999073,-77.02600869,391003500,38.34499426030704
21302040.0,-12.15282616,-77.02344971,4345043380,63.551730632446024
22964733.0,-12.14496102,-77.01654451,678989813,17.81113274722746
24772545.0,-12.1395447,-77.02361861,391007961,20.974585715884476
25274058.0,-12.14411426,-77.01619616,678989814,32.043990387202975
25490610.0,-12.14190649,-77.01750476,3672931642,10.681027081914548
24241017.0,-12.13576586,-77.01917391,263641100,15.110591879324232
20568330.0,-12.1411481,-77.0131018,391020808,4.399709652542923
24959328.0,-12.14612908,-77.02244027,2676305050,13.134479814766518
25665630.0,-12.14026669,-77.01779687,2174297459,16.04158752731497
24061410.0,-12.14194612,-77.01500991,678989831,22.78819779224498
20160588.0,-12.14176784,-77.01846756,434289035,22.89155970939451
24703716.0,-12.1490425,-77.0227358,1949862586,48.013832126611995
21349401.0,-12.14709062,-77.01629268,434289247,13.088668570022827
25686489.0,-12.1466237,-77.0216176,1192945730,7.936146565287794
20159130.0,-12.14147564,-77.02450244,391011523,14.734061147448713
24456507.0,-12.14302721,-77.01975113,434288208,21.16334835225259
25173426.0,-12.14174372,-77.0144516,391021177,49.010565171919104
22614831.0,-12.14136849,-77.01735606,391022450,18.34600265682962
24532833.0,-12.14851983,-77.01949237,316634032,87.18460887072585
21810336.0,-12.1422903,-77.0232074,391009551,1.512350078505589
22672857.0,-12.14183883,-77.01655595,678989832,36.864585980572585
23270562.0,-12.15231338,-77.01971209,316633878,18.852452221881478
24572808.0,-12.15118762,-77.02222194,1151314377,5.012383367667141
20065800.0,-12.14011548,-77.01780031,2174297459,32.340222024652206
20809365.0,-12.14876382,-77.0207629,2489287674,118.09722948198042
20502921.0,-12.14132359,-77.01712786,391022450,16.932974504285315
21403488.0,-12.13932025,-77.01860968,391007680,16.938341019228616
22911252.0,-12.1529841,-77.0214699,1815623566,15.729289488444769
21414993.0,-12.1448567,-77.01642024,678989813,2.729039706071372
22166652.0,-12.15399498,-77.02319755,4381412253,14.362128729080416
23760456.0,-12.15155757,-77.02095137,434289102,97.07162137513374
25551141.0,-12.13941548,-77.02181188,391007683,23.472380586791846
23356746.0,-12.15082349,-77.02197512,371265022,32.437414265943175
25166676.0,-12.14865348,-77.01833607,678989759,21.002895184608516
25511634.0,-12.1445942,-77.01559634,678989823,31.55628660225499
24675114.0,-12.13880919,-77.01768228,391007541,18.108466064732323
23841042.0,-12.15371652,-77.01941597,4297316167,7.96116147235291
20170113.0,-12.1552082,-77.02277999,1815623554,10.283610567535026
21499761.0,-12.14974384,-77.01794811,678989748,27.60806442946208
23268615.0,-12.1509287,-77.02212772,371265022,18.775131089083978
22854261.0,-12.14626522,-77.01694085,2603948896,34.08799929151344
22456893.0,-12.14304183,-77.01591039,4203689689,26.557311241119205
19875369.0,-12.15366876,-77.02267786,4344559504,36.18196973660179
19879050.0,-12.14218321,-77.02033022,434288301,42.6099601672061
19879641.0,-12.152761,-77.019733,316634035,12.696330209209481
19965456.0,-12.1394568,-77.02067515,391007682,10.562899944232019
19979310.0,-12.14704044,-77.01648479,434289247,33.36343014056079
20006664.0,-12.14946552,-77.0184281,678989748,33.01804647822547
20062500.0,-12.14581507,-77.02211771,391013653,38.35124000743703
20068203.0,-12.148476,-77.024697,4264094073,105.59897038024415
20131077.0,-12.13952735,-77.02372723,391007961,17.79094562273223
20143845.0,-12.1318024,-77.02010677,263636372,16.594447849846524
20163630.0,-12.14744798,-77.01798453,434289146,27.85999205724653
20177172.0,-12.13985549,-77.0199645,391020019,42.65552562943483
20184324.0,-12.13845829,-77.01485474,391020810,95.31513939702126
20197839.0,-12.14378288,-77.0176943,391022925,12.739703918795644
20221053.0,-12.1460326,-77.0226196,2676305050,18.470924757906648
20284947.0,-12.13929696,-77.01788421,4266808709,29.34711799946568
20327610.0,-12.14412778,-77.02131782,434289086,5.776649633186942
20375868.0,-12.14341906,-77.01753047,391022927,38.439409319682944
20376924.0,-12.14958606,-77.02072303,1405227784,81.7440031087746
20398530.0,-12.14003915,-77.01785262,2174297459,40.476112500093095
20407233.0,-12.14135595,-77.02044533,434288316,10.051686280853641
20470182.0,-12.13662818,-77.02432302,391009559,16.801820675655133
20495826.0,-12.14432078,-77.0214291,434289086,19.058568320258143
20497050.0,-12.14793085,-77.02126863,434289093,40.049349950215046
20521029.0,-12.13862044,-77.02076448,391017683,9.993613510724032
20573130.0,-12.14138029,-77.01745622,391022450,27.064511477722256
20595444.0,-12.14634943,-77.0220085,1192945730,45.8205177389799
20599962.0,-12.14219227,-77.02055777,434288301,18.044052600320377
20610507.0,-12.15041805,-77.02315985,4381412278,27.605459757880077
20644233.0,-12.14966284,-77.0181249,678989748,6.515772513946784
20650173.0,-12.13699852,-77.02233264,263622413,23.827395914783988
20670132.0,-12.14931869,-77.01802747,678989752,28.99204554236205
20711886.0,-12.14643093,-77.01676542,2603948896,60.51823009527587
20714532.0,-12.14719649,-77.02503968,6128880516,143.7048256590717
20901789.0,-12.1334134,-77.02082298,4337278600,21.893068331364248
20933754.0,-12.14130388,-77.02320227,391012553,13.831831236323149
20938059.0,-12.14647224,-77.01964213,1839460740,27.597637893829127
20955171.0,-12.15223945,-77.01978607,316633878,9.210330904102666
21001875.0,-12.14480199,-77.01644942,678989813,4.3078891484302275
21018321.0,-12.15097604,-77.02216452,371265022,15.397590510141676
21061971.0,-12.13163503,-77.01806726,263635941,66.01381856673031
21147732.0,-12.1371475,-77.02039938,391017389,7.524030332137326
21162375.0,-12.14284283,-77.02086362,434288206,4.873327364186826
21236529.0,-12.13701382,-77.01884145,4346175440,48.28877520629753
21270399.0,-12.1504176,-77.02154075,1319962140,45.87230227383049
21302172.0,-12.13801462,-77.01785033,263641107,31.536910996186403
21302304.0,-12.1415286,-77.0158298,391023510,1.1873698131547732
21333237.0,-12.14766706,-77.0182256,371265030,15.063368198600319
21377112.0,-12.14430794,-77.01710527,678989811,7.829765140552821
21411717.0,-12.14499509,-77.0184367,391022922,7.219604252328729
21413139.0,-12.14485131,-77.02301676,391009545,22.17946047698296
21420435.0,-12.15049931,-77.02042349,316634165,4.965866260335134
21469008.0,-12.13689587,-77.01789984,12620000347,15.2298311887691
21529548.0,-12.14150555,-77.02019878,434288316,34.08668476486478
21551877.0,-12.1478435,-77.02134985,434289093,28.191203776785855
21616467.0,-12.13686221,-77.02185992,391016290,8.071038378368499
21623313.0,-12.1489304,-77.02111659,10083071014,92.42198314366212
21647355.0,-12.14853214,-77.02282669,1717282356,7.446448843168777
21737397.0,-12.14467652,-77.02561024,5005642847,55.81983330063671
21737835.0,-12.13750612,-77.0158703,391020811,101.4419153929786
21739290.0,-12.14578772,-77.0229796,391009544,40.50341849003479
21740109.0,-12.14425107,-77.02144072,434289086,14.364379687008876
21747882.0,-12.14336951,-77.01747966,391022927,30.68696200540394
21775299.0,-12.14366056,-77.02308163,391009546,28.60533712543499
21789027.0,-12.13690613,-77.01934764,391017391,20.922972440469927
21838887.0,-12.1499642,-77.020609,1405227784,49.36406260470233
21850491.0,-12.14815468,-77.01988009,316634032,29.000725306947626
21859656.0,-12.14832929,-77.02293346,1717282356,18.747855722844687
21866802.0,-12.1511138,-77.0220791,371265022,2.49573803832544
21878139.0,-12.14384935,-77.02316361,391009546,49.29449952822572
21934707.0,-12.13711961,-77.02042006,391017389,10.255525161802137
21984447.0,-12.14966076,-77.02071295,1405227784,75.47567716564997
22005444.0,-12.14879108,-77.019211,3672893676,59.402745284698355
22132251.0,-12.14007141,-77.01775612,2174297459,38.0943531119707
22133613.0,-12.14968653,-77.02301176,1949862586,40.12827143784624
22140363.0,-12.14184967,-77.0183833,1579083033,14.784422985085527
22169949.0,-12.14594767,-77.02285799,391009544,21.926020009053214
22182003.0,-12.13763718,-77.02470464,2174311465,64.61696184298621
22206423.0,-12.13685339,-77.01660955,13175377681,106.44625636004189
22296009.0,-12.1476552,-77.0161866,434289247,66.62919999925306
22326096.0,-12.13628142,-77.0173134,13175377681,9.716150365845815
22327605.0,-12.14438163,-77.0212552,434289086,24.05755918749837
22329951.0,-12.14421472,-77.01878219,678989810,53.86217542732608
22367766.0,-12.14171373,-77.01676929,678989832,63.63540577315602
22403193.0,-12.14197333,-77.01758905,3672931642,3.1146140229533534
22405368.0,-12.15038207,-77.02291478,1838358309,13.816885104739889
22418619.0,-12.14885552,-77.02078531,10083071014,126.75958528994056
22435197.0,-12.13181484,-77.01889397,263635519,27.148997868843775
22437894.0,-12.13984689,-77.02340728,391007961,61.32628804264226
22439529.0,-12.14610061,-77.01938564,1839460740,22.169477337790838
22452987.0,-12.13913268,-77.01770101,4345082541,17.380068173234253
22476900.0,-12.14276734,-77.02090733,434288206,8.554602226822523
22490565.0,-12.14395555,-77.0154959,316757396,14.711815456984867
22517373.0,-12.14477341,-77.02409331,391013439,17.82146764385269
22518696.0,-12.13952085,-77.01780877,4266808709,55.04107515998336
22529442.0,-12.14627125,-77.01945258,316634031,2.9725189894506414
22545993.0,-12.14132258,-77.02343743,391012553,14.473362120100637
22546353.0,-12.14528715,-77.01480376,678989820,1.6591293136382175
22558596.0,-12.13664762,-77.02057285,391016292,21.26760454044071
22605516.0,-12.15255263,-77.02197528,434289131,21.223762662020693
22616079.0,-12.1422479,-77.02326304,391009551,6.749254108295915
22635945.0,-12.13681053,-77.02052372,391016292,40.01149803231662
22638069.0,-12.13916995,-77.01771577,4345082541,20.757728488570606
22659801.0,-12.144536,-77.01519199,678989821,31.442765524043143
22682121.0,-12.13943466,-77.02363871,391007961,9.277375955291197
22686927.0,-12.14138826,-77.02327255,391012553,15.305402623404143
22701075.0,-12.13537898,-77.02106211,391015697,7.784436817957558
22707012.0,-12.14226667,-77.01790445,3672931639,12.371534605493878
22727325.0,-12.14630415,-77.01948219,316634031,2.7268179377597073
22727535.0,-12.13628364,-77.02449075,391009559,42.14958791660043
22728549.0,-12.13838429,-77.02595379,391003241,22.147680875651893
22764126.0,-12.14938193,-77.01993432,1405227784,82.55764238094108
22771305.0,-12.14455107,-77.02309419,391009545,13.866178372172476
22799988.0,-12.13907311,-77.01799743,4266808709,11.511939667694634
22860288.0,-12.14100689,-77.01782507,2174304703,58.4662016150624
22865280.0,-12.15288377,-77.02143673,1815623566,21.731485628645412
22877931.0,-12.15155757,-77.02095137,434289102,97.07162137513374
22912146.0,-12.1437266,-77.0190228,434288215,62.744780770709326
22926063.0,-12.13782029,-77.01788509,263641107,50.365671348666744
22928301.0,-12.14130866,-77.0172504,391022450,8.116715383946802
22931787.0,-12.1509834,-77.0222256,1151314377,17.995995136852866
22965480.0,-12.13935843,-77.01788515,4266808709,36.15674813036888
22995237.0,-12.14756184,-77.02131701,434289093,10.081516141002865
23056068.0,-12.145995,-77.01729383,678989795,13.740979255126627
23094936.0,-12.14196994,-77.01745868,3672931642,14.990951663407383
23151210.0,-12.1509834,-77.0222256,1151314377,17.995995136852866
23151240.0,-12.148001,-77.0199773,316634032,9.224919715239873
23159073.0,-12.14977221,-77.02305855,1949862586,49.19416607904812
23255130.0,-12.15056422,-77.02174163,1319962140,52.92351946752047
23293383.0,-12.1469802,-77.02160486,1192945730,47.18311719033502
23338038.0,-12.13855236,-77.02102528,391017683,27.36100673152876
23339634.0,-12.15154992,-77.02259064,1838358314,24.483392135352535
23382495.0,-12.13950239,-77.02158497,391019994,42.45752939098597
23392041.0,-12.14319953,-77.01928194,434288215,8.459051759946675
23399733.0,-12.14189748,-77.01758971,3672931642,5.389705971970953
23417505.0,-12.14124388,-77.01445331,391021177,7.374127157355711
23419188.0,-12.151467,-77.02260769,1838358314,15.131587921229915
23426277.0,-12.14995712,-77.02321026,1838358309,69.83852476581224
23497005.0,-12.13677373,-77.0196333,391017391,20.063049110164553
23529201.0,-12.14523684,-77.01493009,678989820,15.333113576313945
23535774.0,-12.14089954,-77.0258011,391003505,26.50894551685365
23547873.0,-12.14005264,-77.02577346,391008260,27.508702314877752
23586111.0,-12.14115803,-77.02212271,263622404,3.8869693333553847
23614101.0,-12.1432178,-77.0149937,678989824,2.5961418553551128
23638044.0,-12.14213044,-77.02318449,391009551,18.45464791714888
23643186.0,-12.14174372,-77.0144516,391021177,49.010565171919104
23646273.0,-12.14061875,-77.02562703,391003505,30.642987300431034
23646729.0,-12.14282911,-77.02086331,434288206,5.18923918473992
23659194.0,-12.13525762,-77.02101626,391015697,7.36988512592689
23663010.0,-12.14729744,-77.02334599,1192945766,9.128254358395694
23667063.0,-12.15037061,-77.02180942,1319962140,31.077559471250936
23676363.0,-12.144955,-77.022495,391009545,66.01815550406138
23732220.0,-12.14196393,-77.02219513,391012566,28.069353553775187
23779449.0,-12.13999971,-77.02365024,391009553,60.45235795126163
23785077.0,-12.1504176,-77.02154075,1319962140,45.87230227383049
23824701.0,-12.1461376,-77.01702656,2603948896,17.502181420089247
23855334.0,-12.15040548,-77.02028917,316634165,18.984037960814465
23875251.0,-12.14721652,-77.02236378,391013943,33.80008522394796
23911713.0,-12.14177381,-77.01854409,434289035,14.753674520414608
23922039.0,-12.1504685,-77.02187407,1319962140,42.698499773814234
23933580.0,-12.14191068,-77.01655429,678989832,32.07996417956453
23950908.0,-12.1461079,-77.0228701,391009544,4.50126569545575
23960652.0,-12.14328486,-77.01615246,4203689689,12.089852907619251
23967561.0,-12.14213484,-77.02325455,391009551,17.905353337333302
24002085.0,-12.13996453,-77.01787534,2174297459,48.86711449549293
24005592.0,-12.13950651,-77.01790967,4266808709,52.570968465038874
24007275.0,-12.1316148,-77.01810358,263635941,68.96852499232537
24101583.0,-12.13902434,-77.01779657,1839467984,2.675397996332182
24116085.0,-12.14247184,-77.02085433,434288301,36.25875772912731
24128763.0,-12.13851205,-77.01603853,391020811,74.08722441870707
24161025.0,-12.15277543,-77.02186516,434289131,47.32858886700697
24164727.0,-12.14628281,-77.01950591,1839460740,1.9049214781924062
24233280.0,-12.13940664,-77.023592,391007961,11.722179946905717
24352557.0,-12.14608567,-77.02262237,2676305050,20.370679986910805
24355218.0,-12.15128501,-77.02215175,1151314377,16.73424848106525
24358221.0,-12.14006542,-77.02583097,391008260,33.882151794741546
24464787.0,-12.14738069,-77.02146659,434289093,24.7539928418328
24467358.0,-12.14526875,-77.01913714,434289054,4.419024149693071
24479196.0,-12.141619,-77.01952,434288571,10.191038443391077
24540519.0,-12.14585938,-77.0229736,391009544,32.64227468801616
24541281.0,-12.13968634,-77.02095362,4271747838,24.824039181340545
24562422.0,-12.14390323,-77.02306759,13506032312,45.83826414821601
24609540.0,-12.13151561,-77.01809165,263635941,79.52557656004447
24667944.0,-12.14905034,-77.01869525,678989761,21.824469042375366
24678738.0,-12.14665527,-77.0206591,434289092,23.787718818187265
24702204.0,-12.14836216,-77.0196764,316634032,60.81740789219181
24758460.0,-12.13631939,-77.01973668,391016295,13.308546172093036
24772260.0,-12.1412673,-77.0232679,391012553,5.84965651609261
24833469.0,-12.13639919,-77.0203301,4344969017,2.7382670685486876
24866025.0,-12.14015685,-77.02456178,391009870,29.374489582444205
24915279.0,-12.14038955,-77.01766655,2174297459,19.309346852375572
24918561.0,-12.14441101,-77.01878351,678989810,32.25662074049778
24920202.0,-12.14666368,-77.01980404,434289143,22.347158145715472
24940599.0,-12.14020925,-77.02448402,391009870,36.7283195130622
24956928.0,-12.15123724,-77.02007857,434289102,19.961093680823573
24965082.0,-12.13727942,-77.01759651,391020814,20.045244646535707
25059789.0,-12.14508067,-77.01898843,434289054,29.00675311773193
25110327.0,-12.14065464,-77.02589232,391003505,3.2099633823761518
25134441.0,-12.15038761,-77.02045988,316634165,8.64385896777644
25139427.0,-12.14804888,-77.0212233,434289093,54.04254416255541
25143762.0,-12.15313686,-77.02277919,4344559504,39.00096200001527
25168791.0,-12.13687665,-77.01651994,13175377681,115.88451306741518
25171731.0,-12.14135263,-77.01741984,391022450,22.06543911210676
25172136.0,-12.14968486,-77.02079703,1405227784,81.26389285781123
25178895.0,-12.14272698,-77.01778,678989830,30.821148877870936
25193175.0,-12.14066378,-77.01672136,391022455,6.5034730077303715
25219044.0,-12.14519091,-77.02298297,391009545,59.99643734124143
25236105.0,-12.15229711,-77.02344542,3831532709,68.88615437383791
25241061.0,-12.15107021,-77.02270424,1838358314,30.208407630626105
25252302.0,-12.14644536,-77.01961986,1839460740,23.770694812697155
25272153.0,-12.14445117,-77.01873541,678989810,29.373940111234454
25272609.0,-12.14683247,-77.01775304,434289246,10.446755110441723
25277250.0,-12.14400005,-77.01551074,316757396,19.316035695977135
25304172.0,-12.14602005,-77.02289115,391009544,13.581093866126768
25312701.0,-12.14652998,-77.0182596,678989797,4.245076984613445
25349706.0,-12.13703624,-77.02243607,263622413,11.84843573956754
25374447.0,-12.14758547,-77.02332501,1192945766,27.509804085378573
25376136.0,-12.14427705,-77.01867228,678989810,49.87140716242798
25377993.0,-12.14331341,-77.01514747,678989824,22.290718860490184
25381017.0,-12.13562764,-77.01914084,263641100,2.5955526461731853
25383810.0,-12.14907803,-77.02096249,10083071014,112.94110043166671
25397874.0,-12.14513133,-77.01915547,434289054,15.05410551643899
25399290.0,-12.13578354,-77.01928483,263641100,23.898021007995755
25469988.0,-12.15060485,-77.02041671,316634165,15.996234549756824
25473243.0,-12.1398729,-77.02018258,4271742070,41.24292359269699
25488087.0,-12.13527364,-77.02003588,391015736,22.873430831390827
25495140.0,-12.13955909,-77.01784689,4266808709,58.67545332065406
25495200.0,-12.13701382,-77.01884145,4346175440,48.28877520629753
25512690.0,-12.1429011,-77.02111269,434288204,6.246320799755201
25536582.0,-12.13701382,-77.01884145,4346175440,48.28877520629753
25588167.0,-12.14694871,-77.02160193,1192945730,43.73415602688304
25594266.0,-12.15255378,-77.01855436,4884495900,22.58899594979588
25605294.0,-12.13706463,-77.01778654,391020814,16.777188835970303
25606737.0,-12.14112919,-77.01714038,391022450,17.191945693880797
25630464.0,-12.14345072,-77.02456704,2887499843,14.626669394523299
25678695.0,-12.13853449,-77.02105404,391017682,25.860297822691685
25680918.0,-12.1428548,-77.0202142,434288208,33.25536212023487
25689450.0,-12.14067928,-77.02568553,391003505,23.481607506976363
25706385.0,-12.15301281,-77.02286595,3831532711,30.28485984313622
23644752.0,-12.13949513,-77.02229336,263622407,3.9419855890592097
24699975.0,-12.14262619,-77.01561396,678989833,3.8261274228448543
25218237.0,-12.15385257,-77.01942565,459457260,16.72653190715556
25175694.0,-12.1474761,-77.02121711,434289093,24.151392053464384
24002208.0,-12.14142251,-77.01698861,391022450,35.610976758679435
24643350.0,-12.14215316,-77.01808766,3672931639,21.897769447448503
2309404583290.0,-12.14437675,-77.02134214,434289086,22.08092894808213
20264619.0,-12.14130834,-77.02159402,391019718,56.99723755993669
22203729.0,-12.15003724,-77.02334017,4381412278,63.74677543273711
22979955.0,-12.13904148,-77.01789924,4266808709,0.9420903245417904
24454392.0,-12.13807257,-77.01777353,263641107,31.850008653735145
23843064.0,-12.14688505,-77.01835592,434289145,16.452181288048017
25457313.0,-12.1427716,-77.01583019,678989833,25.882938789041038
24697683.0,-12.15041715,-77.02035063,316634165,12.332625600786168
23660670.0,-12.1404294,-77.01441702,391020809,53.13640367406807
21357570.0,-12.14676029,-77.02052996,434289092,8.493429005012288
24117297.0,-12.14226008,-77.02322717,391009551,3.6911678904188148
23514255.0,-12.14383576,-77.01461081,678989825,27.902276102995508
24342177.0,-12.14616277,-77.01780291,678989790,41.578190912394895
24452097.0,-12.14392342,-77.02309639,13506032312,49.27756627525785
25325868.0,-12.13945581,-77.02243762,263621936,8.183003609648482
21725127.0,-12.14124915,-77.02161142,391019718,59.470353096738776
25117149.0,-12.13203299,-77.02031595,263636371,36.3720085231915
24936645.0,-12.14948965,-77.02324988,1949862586,26.65653786382098
24447894.0,-12.14689078,-77.01753461,434289147,25.696155789346648
24095322.0,-12.14055605,-77.01387183,678989884,11.602574637353719
21913680.0,-12.15281027,-77.02186099,434289131,51.19377433761174
23771553.0,-12.14625802,-77.01941201,316634031,6.641618782569334
24689793.0,-12.14743279,-77.02121147,434289093,27.539594794347725
22270296.0,-12.13933882,-77.01790766,4266808709,33.957285978678996
22269972.0,-12.13953579,-77.01784343,4266808709,56.14156126522674
24744654.0,-12.14616277,-77.01780291,678989790,41.578190912394895
22321128.0,-12.14382046,-77.02314652,391009546,45.97618217600821
25032567.0,-12.14981337,-77.01829498,678989748,24.43911787089698
22148400.0,-12.1372151,-77.0206331,391017389,23.05142523180465
23040012.0,-12.13961011,-77.01787976,4266808709,64.09537920218499
25312173.0,-12.15081782,-77.02200876,371265022,31.831825730807473
24364695.0,-12.14120429,-77.02306326,391012553,28.626580718132818
25253943.0,-12.14454156,-77.0221564,434289087,33.907379205717454
20896512.0,-12.14617341,-77.02279492,391009544,11.072523120838609
25211391.0,-12.136495,-77.024426,391009559,19.353067531934236
24550848.0,-12.13758394,-77.01726654,391020814,68.20482461145752
22284987.0,-12.13940749,-77.01787025,4266808709,41.69022632141429
21905613.0,-12.144659,-77.0229776,391009545,4.483724363641379
22804131.0,-12.14822287,-77.01900213,678989759,70.43466949066777
21645723.0,-12.14139776,-77.02018458,434288316,34.653915726983
25215807.0,-12.15289391,-77.02182558,1815623566,55.09810828363691
20534118.0,-12.15125635,-77.01976346,434289102,37.58887843872555
21759132.0,-12.141465,-77.02055235,434288316,6.846007647751399
20142153.0,-12.15309529,-77.0229361,1838358319,37.57366427556205
21457785.0,-12.14692323,-77.0225658,391013943,5.485584264024063
25377447.0,-12.14034809,-77.02281528,263621937,54.653364450999334
24400344.0,-12.14031171,-77.0136316,678989884,27.728105766543198
20620989.0,-12.14435739,-77.01490021,678989821,11.411142875987194
22772391.0,-12.14042965,-77.02085205,391019695,30.202059953262786
24882051.0,-12.1376374,-77.02191284,391017387,5.652707370254029
21411174.0,-12.14477192,-77.01640995,678989813,8.046124045397768
23548764.0,-12.14658319,-77.01961027,434289143,23.376759408104277
22424040.0,-12.13604556,-77.0226644,263622414,23.074180617898172
20304870.0,-12.14480546,-77.01864862,678989810,23.535192228069658
25054023.0,-12.14620959,-77.02192501,391013653,47.319153321743585
23585250.0,-12.14648134,-77.02232779,2676305051,40.02956213454632
25592913.0,-12.13939557,-77.01787713,4266808709,40.31906943722644
21449322.0,-12.14755904,-77.02141723,434289093,4.260567806625359
22540764.0,-12.14755988,-77.02139045,434289093,4.147570846952745
21854874.0,-12.14709705,-77.02497218,6128880516,134.02082785350223
24643680.0,-12.14344863,-77.02355973,391009546,47.18833418297407
23022321.0,-12.14139731,-77.01595839,391023510,20.180098325323
21291852.0,-12.14581756,-77.01626709,678989807,5.76444676444691
24341127.0,-12.15380168,-77.01925016,459457260,3.780719766328928
25155486.0,-12.14719474,-77.02090313,434289092,55.92262597242004
21683775.0,-12.13887113,-77.01776554,391007541,12.71778175524423
22323870.0,-12.14447115,-77.01489331,678989821,19.99284214804087
22492923.0,-12.15129069,-77.0195629,434289102,56.62339654830133
21843918.0,-12.13814397,-77.0249267,391007966,57.33622667090738
23255151.0,-12.14382511,-77.0156282,316757396,10.820896915368634
22429986.0,-12.1428548,-77.0202142,434288208,33.25536212023487
20158893.0,-12.13569463,-77.01926971,263641100,17.275909197596125
24594702.0,-12.13835428,-77.01817055,263641107,21.70006611620565
24470562.0,-12.13894483,-77.01714244,391007527,20.318823761179313
20074803.0,-12.13908362,-77.01789218,4266808709,5.6762197238244765
24455409.0,-12.14954868,-77.02075426,1405227784,87.05539111315593
23507976.0,-12.1455597,-77.01899611,3672906437,19.35031089548606
24348039.0,-12.14120265,-77.02137575,391019718,35.995919796652046
22476618.0,-12.14146629,-77.01580118,391023510,6.483259201496221
20239548.0,-12.15126116,-77.01958163,434289102,55.58615956641188
24201114.0,-12.15099,-77.02210178,371265022,11.580345116327102
25588308.0,-12.1461778,-77.02163521,1192945730,42.078386786088515
25260663.0,-12.14033127,-77.02070496,391019695,10.863125537883365
21947916.0,-12.14973934,-77.01922696,678989751,26.868028009106396
24798579.0,-12.14784016,-77.02138935,434289093,27.256046729214997
19860558.0,-12.14293542,-77.01984089,434288208,8.277899623599684
24973038.0,-12.1404294,-77.01441702,391020809,53.13640367406807
25388610.0,-12.14342427,-77.02338996,391009546,28.602008159744635
23255958.0,-12.14204486,-77.0231948,391009551,27.668923831768765
25497132.0,-12.14599655,-77.02406395,391003595,27.836264062599984
20110767.0,-12.14630928,-77.02275901,391009544,23.475180737532128
23021997.0,-12.14267099,-77.0156896,678989833,7.166391059798348
24167076.0,-12.13129213,-77.01885297,263635519,33.880482084955446
23690961.0,-12.1411316,-77.0130788,391020808,2.6388333967153987
24369300.0,-12.151246,-77.020031,434289102,19.390610892540565
24441546.0,-12.14320038,-77.02428256,2887499842,7.241725099786033
22557723.0,-12.14151677,-77.02032144,434288316,22.020239268371284
23855013.0,-12.13561454,-77.02069601,4344969018,12.838759074254117
25617873.0,-12.15123459,-77.01944868,434289102,70.2356445896503
20105229.0,-12.15341136,-77.0211147,1815623586,40.726440754740764
20111331.0,-12.14154456,-77.0195241,434288571,13.570128319372792
20130855.0,-12.15128861,-77.01960465,434289102,52.30780847673304
20140086.0,-12.15266879,-77.0194277,316634035,23.004021034376006
20161173.0,-12.1479689,-77.0222516,391013941,16.756203065597077
20227536.0,-12.13975228,-77.0234894,391007961,47.81632354836534
20239464.0,-12.14260483,-77.01572072,678989833,8.001765141306219
20240409.0,-12.1423443,-77.0237542,391009551,58.13178050910263
20242887.0,-12.14226248,-77.023367,391009551,16.18627683271003
20257635.0,-12.13828854,-77.01830474,263641107,33.780976153992604
20259525.0,-12.13754582,-77.0255836,391003241,79.43643158207779
20265783.0,-12.14282837,-77.02053038,434288206,41.070735458715426
20369427.0,-12.14522615,-77.02312535,391009545,64.83727420919995
20375526.0,-12.13690589,-77.01648795,13175377681,120.58289662280363
20388219.0,-12.1404294,-77.01441702,391020809,53.13640367406807
20489187.0,-12.1417796,-77.0195369,434288571,21.36460080756777
20833881.0,-12.14140385,-77.02061323,391019999,6.741745649642931
20881536.0,-12.14382817,-77.01769289,391022925,16.726059067921813
21018570.0,-12.13696774,-77.01917244,391017391,40.007102345526434
21080274.0,-12.1372493,-77.02043618,391017389,4.468100203344949
21128346.0,-12.13725297,-77.0206005,391017389,20.034202058767118
21169371.0,-12.141741,-77.01777,316634026,18.593811141860346
21238473.0,-12.14453635,-77.01479734,678989821,32.2067542976357
21265950.0,-12.14392659,-77.0230316,13506032312,42.44629481183748
21483456.0,-12.15125829,-77.01963125,434289102,50.60586277710003
21494295.0,-12.14310085,-77.02134606,434288204,35.237576847393825
21517794.0,-12.14569665,-77.01780884,4346341384,48.56487048707038
21627126.0,-12.14955129,-77.02176745,1319962140,59.98651846646485
21720426.0,-12.13927845,-77.02120084,391019994,14.610068560501604
21741255.0,-12.1425842,-77.02328535,391009551,33.08830707372696
21767073.0,-12.1354474,-77.0214661,391015697,46.7345313381009
21769149.0,-12.1457475,-77.0162844,678989807,2.299339424618079
21900102.0,-12.14788841,-77.02261202,12833814306,30.99198236395426
21913722.0,-12.14332803,-77.02194702,391012762,4.7826151278762525
21978147.0,-12.14528851,-77.01914623,434289054,4.284502831440478
22011279.0,-12.13831718,-77.02487352,391007966,44.811604225170996
22031685.0,-12.14563514,-77.01785307,4346341384,40.252777054467565
22139187.0,-12.13944342,-77.02232661,263621936,8.51325924504209
22160274.0,-12.13728433,-77.02043713,391017389,8.224214975086424
22200432.0,-12.14968955,-77.02082858,1405227784,83.86570519287399
22201098.0,-12.141191,-77.02330299,391012553,7.778161323319958
22204074.0,-12.14251354,-77.01677231,391022972,9.1018492409506
22206213.0,-12.14972114,-77.0230136,1949862586,43.90343837086147
22357215.0,-12.1426238,-77.01449609,678989826,5.350239680431693
22358616.0,-12.14222679,-77.0232802,391009551,9.737407760187278
22383699.0,-12.14101539,-77.02044498,391020463,23.144467570099987
22394454.0,-12.14141061,-77.02401116,391011523,48.75901802407448
22403208.0,-12.14190798,-77.02315403,391009551,43.33064658298299
22410543.0,-12.1489821,-77.0246911,4264094073,122.05341558244537
22438203.0,-12.14258441,-77.016813,391022972,2.0373732542271283
22517961.0,-12.14193272,-77.02062381,434288301,28.60488403444987
22538724.0,-12.14908329,-77.02347535,4684389805,41.25909950178733
22583829.0,-12.15542989,-77.02131317,1193564393,22.879946760909746
22630725.0,-12.13856555,-77.02084725,391017683,8.820667004311778
22759926.0,-12.14218832,-77.02072855,434288301,1.9614881457867193
22824444.0,-12.1422917,-77.02315956,391009551,6.6792076897261605
22867260.0,-12.14114134,-77.02299817,391012553,37.39002701117508
23102775.0,-12.1502814,-77.02048327,316634165,20.662819272332484
23255142.0,-12.14215979,-77.02326197,391009551,15.415858805524147
23288664.0,-12.13878622,-77.02135349,391017682,25.422984332202482
23306382.0,-12.14259489,-77.01869254,1579083034,13.135005015681399
23548782.0,-12.1493618,-77.02085395,1405227784,109.44416787652266
23664969.0,-12.14610696,-77.01957239,4346146371,10.562095614879139
23671524.0,-12.13765861,-77.02198029,391017387,8.928706725162415
23671563.0,-12.13786817,-77.0219251,391017387,20.190885689452553
23766267.0,-12.14079181,-77.01684092,391022455,13.358182482813783
23789022.0,-12.13681375,-77.02449884,391009559,16.954178852190605
23820498.0,-12.13873991,-77.01727443,391007527,11.190575666192755
23872302.0,-12.15085345,-77.02214368,371265022,27.304364835062717
23872734.0,-12.14274648,-77.01439894,678989826,12.171636837719845
23873622.0,-12.14352746,-77.01521319,7245129292,15.979718462292789
23877510.0,-12.14331716,-77.01479563,678989824,23.61388902211326
23934897.0,-12.13974742,-77.01788079,2174297459,72.95699005323827
23934978.0,-12.13951024,-77.01779756,4266808709,54.11855392946566
23961840.0,-12.14636753,-77.02277136,391009544,28.20589383264598
23987634.0,-12.14274537,-77.01552704,678989833,19.157935268522582
24002127.0,-12.14097574,-77.01771419,391022450,57.543959220888894
24002172.0,-12.1409307,-77.01785784,2174297459,58.516555959311944
24002238.0,-12.14063619,-77.01778632,2174297459,26.552059363611452
24010398.0,-12.1393788,-77.02150472,391019994,32.675986876986656
24023448.0,-12.1446364,-77.0230036,391009545,2.3063904460721383
24108747.0,-12.15131502,-77.01973961,434289102,37.43535145533273
24166662.0,-12.14055975,-77.0177512,2174297459,20.030696533278313
24303906.0,-12.14088251,-77.0178309,2174297459,53.16662904981197
24306849.0,-12.1374064,-77.0255357,391003241,95.74529776613157
24397116.0,-12.14312937,-77.01934605,434288215,16.760161394539193
24465432.0,-12.1532383,-77.02285493,4344559504,25.47628342291882
24478317.0,-12.14004925,-77.01295277,678989885,75.58959946062633
24542409.0,-12.1415827,-77.01935707,434288571,8.585918577941278
24612363.0,-12.1433495,-77.02191544,391012762,8.814479015120025
24698910.0,-12.14138369,-77.01736991,391022450,20.59740585635722
24701580.0,-12.14493479,-77.01654975,678989813,16.136967605333805
24701748.0,-12.14584469,-77.01729761,678989795,7.884891154109202
24715302.0,-12.15055891,-77.02064454,316634165,23.232983141496696
24735003.0,-12.14553943,-77.01899033,3672906437,18.195143865020032
24752613.0,-12.13939247,-77.01785855,4266808709,40.14905686296325
24782769.0,-12.13674203,-77.02451152,391009559,9.684900185343563
24792030.0,-12.14979489,-77.01833538,678989748,25.53635922302217
24802164.0,-12.14450117,-77.02586496,5005642847,88.09147160731557
24844947.0,-12.13686067,-77.01656004,13175377681,111.29374725643886
24857244.0,-12.14331566,-77.02193022,391012762,5.2159187445895165
24892239.0,-12.13692668,-77.02052103,391017389,33.48967214642401
24923223.0,-12.14397525,-77.01564866,316757396,21.004306710344483
24936780.0,-12.13756069,-77.01720444,391020814,72.30044579903824
24965922.0,-12.14283897,-77.02078893,434288206,12.989282509122246
25002594.0,-12.15324829,-77.02298552,1838358319,19.865310185165992
25024047.0,-12.13987698,-77.01789991,2174297459,58.78099900206231
25050948.0,-12.15128911,-77.01954559,434289102,58.487605832214705
25097661.0,-12.13798567,-77.01770512,263641107,43.85028410124152
25148001.0,-12.13893371,-77.0170927,391007527,24.35462434812204
25171641.0,-12.13890539,-77.01743533,391007527,16.932011972681842
25290717.0,-12.1524276,-77.02211002,434289131,16.892729816509778
25297185.0,-12.13668681,-77.01951788,391017391,27.002727072294636
25311012.0,-12.14741412,-77.02125294,434289093,25.88533083046171
25313658.0,-12.14399466,-77.0173683,678989811,38.75478652650591
25338105.0,-12.14066493,-77.02585975,391003505,4.950886032404117
25350657.0,-12.13989724,-77.01320992,678989884,92.20778984245295
25396545.0,-12.14710851,-77.01826452,434289146,41.331551594764115
25648032.0,-12.14385874,-77.02307985,13506032312,46.74409771341376
24832704.0,-12.14469178,-77.01553434,678989823,19.184914943782136
21227751.0,-12.1392556,-77.0152551,391020810,16.87353041954784
20971569.0,-12.15605368,-77.02267002,4344532852,20.640024889642834
25006104.0,-12.14406924,-77.01728031,678989811,26.14648591557349
22656879.0,-12.1393801,-77.0207645,391007682,7.726825777708292
25332675.0,-12.13963729,-77.02356462,391007961,32.75006891711207
24865188.0,-12.13904716,-77.01877722,391007680,26.0520430622065
22681011.0,-12.13926511,-77.01548279,391020810,17.392264985896755
25106640.0,-12.14435049,-77.01709046,678989811,12.73403525099473
20710854.0,-12.14170299,-77.01750503,3672931642,28.65100379061752
23607126.0,-12.14607226,-77.01606619,678989807,41.17905060254517
25506018.0,-12.14417455,-77.01529107,678989821,35.71111955431765
20510925.0,-12.14702964,-77.01662959,434289247,49.11814850776878
25613001.0,-12.13931659,-77.01515771,391020810,29.324374152804577
21020322.0,-12.13390676,-77.02148299,197654185,43.821567868466985
20190471.0,-12.14458926,-77.02393128,391013439,15.330998438974996
20763279.0,-12.1363459,-77.01974963,391016295,16.08325101420717
22865190.0,-12.15607906,-77.02269691,4344532852,16.60376606052089
23241291.0,-12.13393335,-77.02158262,197654185,42.583692860008696
23718120.0,-12.14531232,-77.02043077,434289085,20.726141735065085
24570051.0,-12.14708414,-77.02252175,391013943,13.724897820812417
20179764.0,-12.149235,-77.018755,678989761,3.7557560331800284
20669748.0,-12.13939824,-77.02010203,4271742068,14.572202908012772
23203488.0,-12.14336505,-77.01573623,316757406,31.919767686125578
24300408.0,-12.14298564,-77.02427876,2887499842,30.948652253430158
25609251.0,-12.13206136,-77.02027439,263636371,31.176855661186725
24943974.0,-12.14622785,-77.02176727,1192945730,38.90908636651619
23267049.0,-12.15369395,-77.02274157,4344559504,33.44211493271571
24090768.0,-12.14280268,-77.02432652,391011521,45.799133500780634
25216152.0,-12.13881461,-77.01445912,391020810,105.79155913352851
22488288.0,-12.1474138,-77.0198066,1405227860,48.069607631371355
24938991.0,-12.13988291,-77.01779724,2174297459,58.02901629996287
24265998.0,-12.15128244,-77.01968346,434289102,44.3650109263864
25739205.0,-12.1490333,-77.020965,10083071014,111.1923937847336
23085495.0,-12.15122727,-77.0194576,434289102,69.55068726781536
23203167.0,-12.151183,-77.01943874,434289102,73.10091284449496
