longitude,latitude,YEAR,DISTRITO,MODALIDAD,ID,x,y,cluster,probability
-77.05497036,-12.09191096,2020,San Isidro,ROBO AGRAVADO,141062.0,-8577720.063565988,-1356170.2552414604,-1,0.0
-77.04316216,-12.09202904,2020,San Isidro,ROBO AGRAVADO A MANO ARMADA,99777.0,-8576405.580754802,-1356183.698109145,-1,0.0
-77.03707165,-12.09263203,2020,San Isidro,ROBO AGRAVADO A MANO ARMADA,313337.0,-8575727.588282932,-1356252.3458540076,13,0.4671361570759644
-77.05497036,-12.09191096,2020,San Isidro,ROBO AGRAVADO A MANO ARMADA,141064.0,-8577720.063565988,-1356170.2552414604,-1,0.0
-77.04909654,-12.08935516,2020,San Isidro,ROBO AGRAVADO A MANO ARMADA,311701.0,-8577066.192914575,-1355879.290560787,-1,0.0
-77.03901655,-12.09131451,2020,San Isidro,ROBO,241309.0,-8575944.093560575,-1356102.3522289218,-1,0.0
-77.04222787,-12.0924675,2020,San Isidro,HURTO,141042.0,-8576301.57606775,-1356233.6148257628,-1,0.0
-77.05051693,-12.08987393,2020,San Isidro,HURTO,99740.0,-8577224.310006104,-1355938.3496313817,-1,0.0
-77.0495635,-12.0926983,2020,San Isidro,HURTO,203584.0,-8577118.174663998,-1356259.890409878,5,1.0
-77.03801045,-12.09148827,2020,San Isidro,HURTO,175546.0,-8575832.095020888,-1356122.133967768,-1,0.0
-77.0500832,-12.08906956,2020,San Isidro,HURTO,52601.0,-8577176.027403364,-1355846.7766428618,-1,0.0
-77.05005434,-12.08901176,2020,San Isidro,HURTO,220127.0,-8577172.814722858,-1355840.1964494095,-1,0.0
-77.0406335,-12.09260816,2020,San Isidro,HURTO,99749.0,-8576124.091611214,-1356249.6283571266,-1,0.0
-77.04444882,-12.09219315,2020,San Isidro,HURTO,220124.0,-8576548.811090827,-1356202.381291562,9,1.0
-77.05110338,-12.09256804,2020,San Isidro,HURTO,221014.0,-8577289.59332148,-1356245.0608681536,5,1.0
-77.03635105,-12.09209657,2020,San Isidro,HURTO,102291.0,-8575647.371457864,-1356191.3860933078,-1,0.0
-77.0515386,-12.09171865,2020,San Isidro,HURTO,311679.0,-8577338.041790264,-1356148.3616406417,-1,0.0
-77.0368741,-12.092882,2020,San Isidro,HURTO,221011.0,-8575705.597117526,-1356280.8038784333,13,0.4530382547472426
-77.05497036,-12.09191096,2020,San Isidro,HURTO,52602.0,-8577720.063565988,-1356170.2552414604,-1,0.0
-77.04444882,-12.09219315,2020,San Isidro,HURTO,293028.0,-8576548.811090827,-1356202.381291562,9,1.0
-77.0508367,-12.09186845,2020,San Isidro,HURTO,52612.0,-8577259.906639677,-1356165.4156739307,5,0.9888428597845068
-77.05497036,-12.09191096,2020,San Isidro,HURTO,141036.0,-8577720.063565988,-1356170.2552414604,-1,0.0
-77.04444882,-12.09219315,2020,San Isidro,HURTO,22656.0,-8576548.811090827,-1356202.381291562,9,1.0
-77.04818438,-12.08869128,2020,San Isidro,HURTO AGRAVADO,99751.0,-8576964.651727855,-1355803.7116932427,-1,0.0
-77.05195865,-12.09186333,2020,San Isidro,HURTO AGRAVADO,99754.0,-8577384.801542372,-1356164.8327855866,5,0.9000244276178155
-77.04423343,-12.09248459,2020,San Isidro,HURTO AGRAVADO,242061.0,-8576524.833985707,-1356235.560447744,9,1.0
-77.05096932,-12.09096399,2020,San Isidro,HURTO AGRAVADO,22669.0,-8577274.669830542,-1356062.4472547937,5,1.0
-77.04026879,-12.09170679,2020,San Isidro,HURTO AGRAVADO,313317.0,-8576083.492279725,-1356147.011435211,-1,0.0
-77.04423343,-12.09248459,2020,San Isidro,HURTO AGRAVADO,22672.0,-8576524.833985707,-1356235.560447744,9,1.0
-77.03875476,-12.09287417,2020,San Isidro,HURTO AGRAVADO,243210.0,-8575914.951231081,-1356279.9124657358,-1,0.0
-77.04026879,-12.09170679,2020,San Isidro,HURTO AGRAVADO,54105.0,-8576083.492279725,-1356147.011435211,-1,0.0
-77.0368741,-12.092882,2020,San Isidro,HURTO AGRAVADO,310956.0,-8575705.597117526,-1356280.8038784333,13,0.4530382547472426
-77.03683104,-12.09294958,2020,San Isidro,HURTO AGRAVADO,313315.0,-8575700.803700252,-1356288.4975794083,-1,0.0
-77.05162869,-12.09212545,2020,San Isidro,HURTO AGRAVADO,99756.0,-8577348.07056319,-1356194.6739508894,5,1.0
-77.0512106,-12.09261148,2020,San Isidro,HURTO AGRAVADO,141047.0,-8577301.528997283,-1356250.0063248402,5,1.0
-77.03875476,-12.09287417,2020,San Isidro,HURTO AGRAVADO,313324.0,-8575914.951231081,-1356279.9124657358,-1,0.0
-77.05074576,-12.08954486,2020,San Isidro,HURTO DE VEHICULO,266795.0,-8577249.783245184,-1355900.8868342822,-1,0.0
-77.03683104,-12.09294958,2020,San Isidro,HURTO DE VEHICULO,143416.0,-8575700.803700252,-1356288.4975794083,-1,0.0
-77.04878391,-12.09237367,2020,San Isidro,HURTO DE VEHICULO,141053.0,-8577031.39110217,-1356222.9326916174,5,1.0
-77.03789478,-12.09169914,2020,San Isidro,HURTO AGRAVADO EN CASA HABITADA,24249.0,-8575819.21869539,-1356146.1405185852,-1,0.0
-77.01924932,-12.09067664,2020,San Isidro,ROBO AGRAVADO,294392.0,-8573743.615582582,-1356029.7339127802,3,1.0
-77.01936747,-12.09067444,2020,San Isidro,ROBO AGRAVADO,54124.0,-8573756.76798042,-1356029.4834540586,3,1.0
-77.01936747,-12.09067444,2020,San Isidro,ROBO AGRAVADO,102351.0,-8573756.76798042,-1356029.4834540586,3,1.0
-77.01936747,-12.09067444,2020,San Isidro,ROBO AGRAVADO,50945.0,-8573756.76798042,-1356029.4834540586,3,1.0
-77.01924932,-12.09067664,2020,San Isidro,ROBO AGRAVADO,143434.0,-8573743.615582582,-1356029.7339127802,3,1.0
-77.00967938,-12.08896016,2020,San Isidro,ROBO AGRAVADO,24262.0,-8572678.29473486,-1355834.3220910586,0,0.9503129942286371
-77.03379126,-12.09008696,2020,San Isidro,ROBO AGRAVADO A MANO ARMADA,294398.0,-8575362.416938528,-1355962.6019416896,-1,0.0
-77.00775794,-12.08950383,2020,San Isidro,ROBO AGRAVADO A MANO ARMADA,175581.0,-8572464.40101247,-1355896.2157992376,0,1.0
-77.01936747,-12.09067444,2020,San Isidro,ROBO AGRAVADO A MANO ARMADA,54130.0,-8573756.76798042,-1356029.4834540586,3,1.0
-77.01936747,-12.09067444,2020,San Isidro,ROBO AGRAVADO A MANO ARMADA,24267.0,-8573756.76798042,-1356029.4834540586,3,1.0
-77.01627462,-12.09080769,2020,San Isidro,ROBO AGRAVADO A MANO ARMADA,49629.0,-8573412.473493319,-1356044.6532871255,3,0.04489201139820844
-77.01519521,-12.0897568,2020,San Isidro,ROBO,54117.0,-8573292.314121762,-1355925.015024268,-1,0.0
-77.03384655,-12.09008546,2020,San Isidro,ROBO,219581.0,-8575368.571793174,-1355962.4311747567,-1,0.0
-77.01936457,-12.09053541,2020,San Isidro,HURTO,143341.0,-8573756.445153896,-1356013.6556055201,3,0.8298635510710137
-77.01936747,-12.09067444,2020,San Isidro,HURTO,268089.0,-8573756.76798042,-1356029.4834540586,3,1.0
-77.03379126,-12.09008696,2020,San Isidro,HURTO,54096.0,-8575362.416938528,-1355962.6019416896,-1,0.0
-77.00848524,-12.08903017,2020,San Isidro,HURTO,24212.0,-8572545.363678124,-1355842.292320561,0,1.0
-77.01936457,-12.09053541,2020,San Isidro,HURTO,99743.0,-8573756.445153896,-1356013.6556055201,3,0.8298635510710137
-77.03379126,-12.09008696,2020,San Isidro,HURTO,243195.0,-8575362.416938528,-1355962.6019416896,-1,0.0
-77.00848524,-12.08903017,2020,San Isidro,HURTO,102282.0,-8572545.363678124,-1355842.292320561,0,1.0
-77.01036291,-12.08937144,2020,San Isidro,HURTO,268101.0,-8572754.384946402,-1355881.1439462297,0,0.8591359027917409
-77.00848524,-12.08903017,2020,San Isidro,HURTO,143367.0,-8572545.363678124,-1355842.292320561,0,1.0
-77.00810202,-12.09032173,2020,San Isidro,HURTO DE VEHICULO,221036.0,-8572502.70382286,-1355989.3292554824,0,1.0
-77.00775794,-12.08950383,2020,San Isidro,HURTO DE VEHICULO,102330.0,-8572464.40101247,-1355896.2157992376,0,1.0
-77.00775794,-12.08950383,2020,San Isidro,HURTO DE VEHICULO,143414.0,-8572464.40101247,-1355896.2157992376,0,1.0
-77.03515501,-12.09876673,2020,San Isidro,ROBO AGRAVADO,175575.0,-8575514.228894098,-1356950.7631185956,7,0.7389010611109841
-77.024741,-12.096869,2020,San Isidro,ROBO AGRAVADO,54121.0,-8574354.946603782,-1356734.710516497,19,0.0
-77.02730177,-12.10103222,2020,San Isidro,ROBO AGRAVADO,72498.0,-8574640.01021622,-1357208.686438282,6,1.0
-77.0322005,-12.0920806,2020,San Isidro,ROBO AGRAVADO,102030.0,-8575185.334345354,-1356189.5679810776,16,1.0
-77.03980326,-12.09345531,2020,San Isidro,ROBO AGRAVADO,102362.0,-8576031.669717178,-1356346.0728911061,13,1.0
-77.02661629,-12.09985191,2020,San Isidro,ROBO AGRAVADO,243220.0,-8574563.702931672,-1357074.309287421,6,0.7504491298901287
-77.05334545,-12.10556394,2020,San Isidro,ROBO AGRAVADO,99771.0,-8577539.179412203,-1357724.6238876097,-1,0.0
-77.05505561,-12.09821724,2020,San Isidro,ROBO AGRAVADO A MANO ARMADA,99774.0,-8577729.553552577,-1356888.2046704902,5,1.0
-77.01192594,-12.09585242,2020,San Isidro,ROBO AGRAVADO A MANO ARMADA,221039.0,-8572928.380650096,-1356618.9756347998,-1,0.0
-77.0314967,-12.0969344,2020,San Isidro,ROBO AGRAVADO A MANO ARMADA,143452.0,-8575106.987687733,-1356742.1561445643,12,1.0
-77.02108586,-12.09838785,2020,San Isidro,ROBO AGRAVADO A MANO ARMADA,204182.0,-8573948.058280203,-1356907.62829834,10,1.0
-77.02198339,-12.10133531,2020,San Isidro,ROBO AGRAVADO A MANO ARMADA,143444.0,-8574047.970862776,-1357243.1930371327,-1,0.0
-77.01674956,-12.09271985,2020,San Isidro,ROBO AGRAVADO A MANO ARMADA,136342.0,-8573465.343572276,-1356262.34378555,-1,0.0
-77.0250802,-12.09967241,2020,San Isidro,ROBO AGRAVADO A MANO ARMADA,54132.0,-8574392.70617506,-1357053.8734381814,-1,0.0
-77.03198693,-12.09240857,2020,San Isidro,ROBO AGRAVADO A MANO ARMADA,313336.0,-8575161.559841705,-1356226.905903175,16,1.0
-77.02759132,-12.09557699,2020,San Isidro,ROBO AGRAVADO A MANO ARMADA,175583.0,-8574672.242774779,-1356587.6187505003,-1,0.0
-77.03915161,-12.10353333,2020,San Isidro,ROBO,22674.0,-8575959.128371002,-1357493.4373519039,1,0.3881154587641326
-77.02259334,-12.09359952,2020,San Isidro,ROBO,54118.0,-8574115.870186184,-1356362.490635337,8,0.6893348767545393
-77.0310026,-12.09235132,2020,San Isidro,ROBO,268118.0,-8575051.984727332,-1356220.3882426524,16,1.0
-77.04058057,-12.10599032,2020,San Isidro,ROBO,175569.0,-8576118.199470567,-1357773.167807119,1,1.0
-77.02971322,-12.09935672,2020,San Isidro,ROBO,102342.0,-8574908.451602293,-1357017.9325620255,-1,0.0
-77.02419065,-12.09114914,2020,San Isidro,ROBO,143424.0,-8574293.681922022,-1356083.5256630885,-1,0.0
-77.05759125,-12.10226963,2020,San Isidro,ROBO,52627.0,-8578011.819706213,-1357349.5650061332,-1,0.0
-77.03980326,-12.09345531,2020,San Isidro,ROBO,175572.0,-8576031.669717178,-1356346.0728911061,13,1.0
-77.05898272,-12.10565207,2020,San Isidro,ROBO,293047.0,-8578166.717438068,-1357734.6575967853,-1,0.0
-77.05483332,-12.09910932,2020,San Isidro,HURTO,141045.0,-8577704.808342969,-1356989.766438949,-1,0.0
-77.02500432,-12.09378756,2020,San Isidro,HURTO,294372.0,-8574384.259252096,-1356383.8982668703,20,1.0
-77.0214813,-12.09853265,2020,San Isidro,HURTO,221019.0,-8573992.078459643,-1356924.1135159226,10,0.9546284930962031
-77.028993,-12.09649508,2020,San Isidro,HURTO,313307.0,-8574828.277078634,-1356692.1406853201,15,1.0
-77.03151743,-12.09184445,2020,San Isidro,HURTO,175532.0,-8575109.295340776,-1356162.6833849116,16,0.8485253567783975
-77.0276028,-12.1028329,2020,San Isidro,HURTO,24228.0,-8574673.520722533,-1357413.6932564955,6,0.9993036419229705
-77.05595155,-12.10057672,2020,San Isidro,HURTO,311687.0,-8577829.289137159,-1357156.8281339211,5,0.9308653517451249
-77.05193924,-12.10278446,2020,San Isidro,HURTO,242058.0,-8577382.640831055,-1357408.1783605493,-1,0.0
-77.03867892,-12.09332969,2020,San Isidro,HURTO,268095.0,-8575906.5087609,-1356331.7715528512,13,0.5733972499407453
-77.03243053,-12.09279961,2020,San Isidro,HURTO,54098.0,-8575210.941167822,-1356271.4241233957,16,0.9547704156165177
-77.02612616,-12.09656348,2020,San Isidro,HURTO,175552.0,-8574509.14190965,-1356699.9278451097,-1,0.0
-77.04339908,-12.09883381,2020,San Isidro,HURTO,22654.0,-8576431.954568561,-1356958.400064744,-1,0.0
-77.04613245,-12.09554449,2020,San Isidro,HURTO,242055.0,-8576736.231925111,-1356583.9187245306,-1,0.0
-77.01384087,-12.09589063,2020,San Isidro,HURTO,24231.0,-8573141.5496826,-1356623.3257319278,2,0.6672714323611284
-77.03471341,-12.09194139,2020,San Isidro,HURTO,294369.0,-8575465.070206963,-1356173.7195571489,14,1.0
-77.036834,-12.100577,2020,San Isidro,HURTO,221016.0,-8575701.133205945,-1357156.8600116665,7,1.0
-77.05878962,-12.10066343,2020,San Isidro,HURTO AGRAVADO,190405.0,-8578145.221644394,-1357166.6999900544,-1,0.0
-77.02544038,-12.09695049,2020,San Isidro,HURTO AGRAVADO,155681.0,-8574432.801229253,-1356743.987951504,19,1.0
-77.03529022,-12.09504081,2020,San Isidro,HURTO AGRAVADO,24248.0,-8575529.280402446,-1356526.5763487827,-1,0.0
-77.024868,-12.095716,2020,San Isidro,HURTO AGRAVADO,175555.0,-8574369.084179113,-1356603.4446205024,-1,0.0
-77.01702647,-12.10036926,2020,San Isidro,HURTO AGRAVADO,313322.0,-8573496.169052472,-1357133.2090110276,2,0.5862817261016297
-77.05848024,-12.10373621,2020,San Isidro,HURTO DE VEHICULO,174063.0,-8578110.781620333,-1357516.5353194738,-1,0.0
-77.04661187,-12.0988422,2020,San Isidro,HURTO DE VEHICULO,293044.0,-8576789.600715388,-1356959.3552523877,-1,0.0
-77.0156162,-12.1048026,2020,San Isidro,HURTO DE VEHICULO,54115.0,-8573339.17851419,-1357637.944527608,2,0.8157618597517816
-77.05180283,-12.09415362,2020,San Isidro,ASALTO Y ROBO DE VEHICULOS,99759.0,-8577367.455739316,-1356425.5728346077,5,1.0
-77.02523426,-12.10186914,2020,San Isidro,HURTO AGRAVADO EN CASA HABITADA,175563.0,-8574409.856055811,-1357303.9693296866,-1,0.0
-77.0572709,-12.10533278,2020,San Isidro,HURTO AGRAVADO EN CASA HABITADA,293038.0,-8577976.158507338,-1357698.3060522915,-1,0.0
-77.030565,-12.09245322,2020,San Isidro,HURTO AGRAVADO EN CASA HABITADA,243211.0,-8575003.271318162,-1356231.9891101255,16,1.0
-77.05797415,-12.10461765,2020,San Isidro,HURTO AGRAVADO EN CASA HABITADA,52620.0,-8578054.443939239,-1357616.8878128158,-1,0.0
-77.02496514,-12.10248047,2020,San Isidro,HURTO AGRAVADO EN CASA HABITADA,294385.0,-8574379.89775445,-1357373.5691096534,-1,0.0
-77.0323829,-12.0980705,2020,San Isidro,ROBO FRUSTRADO,143454.0,-8575205.639020475,-1356871.4986071961,12,0.8582343422568592
-77.05239467,-12.09376811,2020,San Isidro,ROBO AGRAVADO DURANTE LA NOCHE O EN LUGAR DESOLADO,99778.0,-8577433.339066748,-1356381.6839584007,5,0.9430848506137706
-77.01635106,-12.10407778,2020,San Isidro,HURTO FRUSTRADO,24257.0,-8573420.982755195,-1357555.423237561,2,0.6624838633720095
-77.03469386,-12.09155464,2020,San Isidro,ROBO AGRAVADO,143431.0,-8575462.893910918,-1356129.689875898,14,0.8913071850420354
-77.0246911,-12.0914281,2020,San Isidro,ROBO AGRAVADO A MANO ARMADA,143451.0,-8574349.391761191,-1356115.2839017054,-1,0.0
-77.03458838,-12.09186202,2020,San Isidro,ROBO AGRAVADO A MANO ARMADA,143449.0,-8575451.151931029,-1356164.68364814,14,1.0
-77.02679687,-12.09151304,2020,San Isidro,HURTO,175549.0,-8574583.80500532,-1356124.9539139764,17,1.0
-77.03241361,-12.09124056,2020,San Isidro,HURTO,102296.0,-8575209.057642037,-1356093.933381602,16,0.6153847047888685
-77.02953248,-12.09177646,2020,San Isidro,HURTO,143381.0,-8574888.331717527,-1356154.943039139,16,0.8345082983344237
-77.025838,-12.0912986,2020,San Isidro,HURTO,102302.0,-8574477.064085182,-1356100.5409527165,-1,0.0
-77.03151743,-12.09184445,2020,San Isidro,HURTO,102253.0,-8575109.295340776,-1356162.6833849116,16,0.8485253567783975
-77.02679153,-12.09154798,2020,San Isidro,HURTO,221022.0,-8574583.210559238,-1356128.9316665593,17,1.0
-77.02728979,-12.09162832,2020,San Isidro,HURTO,175529.0,-8574638.67660872,-1356138.0779948777,17,1.0
-77.02737741,-12.09172093,2020,San Isidro,HURTO,143370.0,-8574648.430422504,-1356148.621207966,17,1.0
-77.0238102,-12.0918625,2020,San Isidro,HURTO,175541.0,-8574251.330421751,-1356164.7382939218,-1,0.0
-77.027001,-12.0914741,2020,San Isidro,HURTO,54090.0,-8574606.528652975,-1356120.5207810556,17,1.0
-77.0302714,-12.0917934,2020,San Isidro,HURTO,243192.0,-8574970.587915665,-1356156.871579291,16,1.0
-77.0302714,-12.0917934,2020,San Isidro,HURTO,243198.0,-8574970.587915665,-1356156.871579291,16,1.0
-77.02419065,-12.09114914,2020,San Isidro,HURTO,24226.0,-8574293.681922022,-1356083.5256630885,-1,0.0
-77.025854,-12.0912997,2020,San Isidro,HURTO,243193.0,-8574478.845197033,-1356100.6661823688,-1,0.0
-77.02728979,-12.09162832,2020,San Isidro,HURTO,143348.0,-8574638.67660872,-1356138.0779948777,17,1.0
-77.027001,-12.091474,2020,San Isidro,HURTO,24222.0,-8574606.528652975,-1356120.5093965349,17,1.0
-77.03477667,-12.0917642,2020,San Isidro,HURTO,143374.0,-8575472.112277951,-1356153.5472952805,14,1.0
-77.0302714,-12.0917934,2020,San Isidro,HURTO,24233.0,-8574970.587915665,-1356156.871579291,16,1.0
-77.03124505,-12.0913445,2020,San Isidro,HURTO,221021.0,-8575078.974137876,-1356105.7664450158,16,0.6153847047888685
-77.0281155,-12.091626,2020,San Isidro,HURTO,294377.0,-8574730.594225463,-1356137.813873833,-1,0.0
-77.02729537,-12.09157588,2020,San Isidro,HURTO,143346.0,-8574639.29777148,-1356132.1079490476,17,1.0
-77.03469386,-12.09155464,2020,San Isidro,HURTO AGRAVADO,24236.0,-8575462.893910918,-1356129.689875898,14,0.8913071850420354
-77.05901257,-12.09803514,2020,San Isidro,ROBO AGRAVADO,141059.0,-8578170.040324867,-1356867.472941414,4,1.0
-77.05506512,-12.10023325,2020,San Isidro,ROBO AGRAVADO,74352.0,-8577730.612200934,-1357117.7244123553,5,0.9308653517451249
-77.05878025,-12.09756191,2020,San Isidro,ROBO AGRAVADO A MANO ARMADA,52630.0,-8578144.178580765,-1356813.5966969067,-1,0.0
-77.05518785,-12.09641632,2020,San Isidro,ROBO AGRAVADO A MANO ARMADA,311702.0,-8577744.27444204,-1356683.1740692917,5,1.0
-77.05634156,-12.10658735,2020,San Isidro,ROBO AGRAVADO A MANO ARMADA,99773.0,-8577872.704851765,-1357841.1405820663,-1,0.0
-77.0599375,-12.10465511,2020,San Isidro,ROBO,174064.0,-8578273.003061488,-1357621.1526644963,-1,0.0
-77.05878962,-12.10066343,2020,San Isidro,ROBO,141056.0,-8578145.221644394,-1357166.6999900544,-1,0.0
-77.05763605,-12.09536452,2020,San Isidro,ROBO,99762.0,-8578016.806819402,-1356563.4296965562,4,1.0
-77.05678311,-12.10021907,2020,San Isidro,HURTO,311673.0,-8577921.857972924,-1357116.1100343876,5,0.9308653517451249
-77.05560545,-12.10296277,2020,San Isidro,HURTO,141039.0,-8577790.761461396,-1357428.478966151,-1,0.0
-77.05767239,-12.09690604,2020,San Isidro,HURTO,174049.0,-8578020.852169694,-1356738.9274285608,4,1.0
-77.05772908,-12.09933816,2020,San Isidro,HURTO,174055.0,-8578027.162871629,-1357015.8195326491,-1,0.0
-77.05540511,-12.10189955,2020,San Isidro,HURTO,141040.0,-8577768.45971461,-1357307.4314974328,5,0.9308653517451249
-77.05515769,-12.09428023,2020,San Isidro,HURTO,242056.0,-8577740.917046199,-1356439.986924874,-1,0.0
-77.05797415,-12.10461765,2020,San Isidro,HURTO,141043.0,-8578054.443939239,-1357616.8878128158,-1,0.0
-77.05559728,-12.09477134,2020,San Isidro,HURTO,174047.0,-8577789.851981156,-1356495.8980854969,-1,0.0
-77.05566873,-12.10725719,2020,San Isidro,HURTO,99746.0,-8577797.805758772,-1357917.4030672787,-1,0.0
-77.05878962,-12.10066343,2020,San Isidro,HURTO,190403.0,-8578145.221644394,-1357166.6999900544,-1,0.0
-77.0554574,-12.09761004,2020,San Isidro,HURTO,266790.0,-8577774.280610783,-1356819.0761922607,5,0.9820821669534723
-77.05797415,-12.10461765,2020,San Isidro,HURTO,52613.0,-8578054.443939239,-1357616.8878128158,-1,0.0
-77.05861673,-12.10500375,2020,San Isidro,HURTO,311677.0,-8578125.97561763,-1357660.8456427262,-1,0.0
-77.05503808,-12.0961167,2020,San Isidro,HURTO,143351.0,-8577727.602121904,-1356649.0631552127,5,1.0
-77.05655459,-12.1020364,2020,San Isidro,HURTO,99738.0,-8577896.419242889,-1357323.0118264137,5,0.9308653517451249
-77.05639802,-12.09406246,2020,San Isidro,HURTO,52608.0,-8577878.989950214,-1356415.194602767,-1,0.0
-77.06072773,-12.10075894,2020,San Isidro,HURTO,174053.0,-8578360.971062696,-1357177.5737220421,-1,0.0
-77.05617937,-12.10724868,2020,San Isidro,HURTO,99744.0,-8577854.649943551,-1357916.4341873177,-1,0.0
-77.0586215,-12.096481,2020,San Isidro,HURTO,99750.0,-8578126.506611602,-1356690.5377146627,4,1.0
-77.05786056,-12.09563352,2020,San Isidro,HURTO,174054.0,-8578041.799158279,-1356594.0545198203,-1,0.0
-77.05815708,-12.09468405,2020,San Isidro,HURTO,311675.0,-8578074.80761369,-1356485.96041594,4,1.0
-77.05754362,-12.10361634,2020,San Isidro,HURTO,266789.0,-8578006.517558867,-1357502.8880708413,-1,0.0
-77.0586215,-12.096481,2020,San Isidro,HURTO,141030.0,-8578126.506611602,-1356690.5377146627,4,1.0
-77.0586215,-12.096481,2020,San Isidro,HURTO,22665.0,-8578126.506611602,-1356690.5377146627,4,1.0
-77.05683331,-12.09341929,2020,San Isidro,HURTO,22659.0,-8577927.44621136,-1356341.9721564292,-1,0.0
-77.05655459,-12.1020364,2020,San Isidro,HURTO,52606.0,-8577896.419242889,-1357323.0118264137,5,0.9308653517451249
-77.05878025,-12.09756191,2020,San Isidro,HURTO,99739.0,-8578144.178580765,-1356813.5966969067,-1,0.0
-77.05617139,-12.09901804,2020,San Isidro,HURTO,220125.0,-8577853.761614015,-1356979.3743529108,-1,0.0
-77.05647072,-12.10162608,2020,San Isidro,HURTO AGRAVADO,220135.0,-8577887.082877193,-1357276.297048801,5,0.9308653517451249
-77.05831159,-12.09686708,2020,San Isidro,HURTO AGRAVADO,99752.0,-8578092.007588211,-1356734.4919292792,4,1.0
-77.05625665,-12.10142985,2020,San Isidro,HURTO AGRAVADO,293034.0,-8577863.2527138,-1357253.9563624894,5,0.9308653517451249
-77.0557864,-12.1074282,2020,San Isidro,HURTO AGRAVADO,220131.0,-8577810.904723255,-1357936.8728930927,-1,0.0
-77.05763056,-12.09324276,2020,San Isidro,HURTO AGRAVADO,293035.0,-8578016.195675397,-1356321.8749214194,-1,0.0
-77.0599375,-12.10465511,2020,San Isidro,HURTO DE VEHICULO,52622.0,-8578273.003061488,-1357621.1526644963,-1,0.0
-77.0557864,-12.1074282,2020,San Isidro,HURTO DE VEHICULO,227008.0,-8577810.904723255,-1357936.8728930927,-1,0.0
-77.04350148,-12.10940722,2020,San Isidro,ROBO AGRAVADO,174067.0,-8576443.35368442,-1358162.1891306029,-1,0.0
-77.04035256,-12.10365688,2020,San Isidro,ROBO AGRAVADO,52628.0,-8576092.81751347,-1357507.5035657722,1,0.37107333112398594
-77.01332954,-12.10430029,2020,San Isidro,ROBO AGRAVADO,54122.0,-8573084.628687374,-1357580.756140884,-1,0.0
-77.03918874,-12.10809425,2020,San Isidro,ROBO AGRAVADO,311697.0,-8575963.261663696,-1358012.7041181964,1,0.49745728038015996
-77.0439915,-12.10856554,2020,San Isidro,ROBO AGRAVADO A MANO ARMADA,266800.0,-8576497.902461298,-1358066.3616126403,-1,0.0
-77.04900649,-12.10444662,2020,San Isidro,ROBO AGRAVADO A MANO ARMADA,314136.0,-8577056.168594431,-1357597.4159148354,-1,0.0
-77.05386,-12.10795,2020,San Isidro,ROBO AGRAVADO A MANO ARMADA,174068.0,-8577596.45885619,-1357996.2809293866,-1,0.0
-77.01635106,-12.10407778,2020,San Isidro,ROBO,313330.0,-8573420.982755195,-1357555.423237561,2,0.6624838633720095
-77.01467365,-12.10372139,2020,San Isidro,ROBO,143427.0,-8573234.254328145,-1357514.8480560677,2,0.863514840240118
-77.0493794,-12.10536191,2020,San Isidro,ROBO,141054.0,-8577097.680745743,-1357701.622535477,-1,0.0
-77.04488289,-12.1094762,2020,San Isidro,ROBO,311694.0,-8576597.131542195,-1358170.0427013882,-1,0.0
-77.0305016,-12.10290773,2020,San Isidro,ROBO,102340.0,-8574996.213662446,-1357422.2126569697,11,1.0
-77.04391445,-12.10790136,2020,San Isidro,ROBO,141055.0,-8576489.325294532,-1357990.743157357,-1,0.0
-77.0482885,-12.1093213,2020,San Isidro,ROBO,99761.0,-8576976.242313236,-1358152.406895081,-1,0.0
-77.01467365,-12.10372139,2020,San Isidro,ROBO,294388.0,-8573234.254328145,-1357514.8480560677,2,0.863514840240118
-77.0504895,-12.10398701,2020,San Isidro,ROBO,99764.0,-8577221.256512472,-1357545.08902208,-1,0.0
-77.0161281,-12.10606682,2020,San Isidro,ROBO,243219.0,-8573396.162961528,-1357781.8774401634,-1,0.0
-77.04121704,-12.10810407,2020,San Isidro,ROBO,52626.0,-8576189.050986873,-1358013.8221477326,1,0.40299792144647967
-77.05124396,-12.10596821,2020,San Isidro,ROBO,99765.0,-8577305.242615495,-1357770.6505528553,-1,0.0
-77.03153565,-12.10295954,2020,San Isidro,ROBO,175571.0,-8575111.323581899,-1357428.1112303105,11,1.0
-77.0482885,-12.1093213,2020,San Isidro,ROBO,293046.0,-8576976.242313236,-1358152.406895081,-1,0.0
-77.04118215,-12.10891356,2020,San Isidro,HURTO,311684.0,-8576185.167049836,-1358105.984583338,1,0.3892573254971439
-77.03826763,-12.10684922,2020,San Isidro,HURTO,53843.0,-8575860.724167531,-1357870.9549284051,1,0.502231224860515
-77.04488289,-12.1094762,2020,San Isidro,HURTO,311670.0,-8576597.131542195,-1358170.0427013882,-1,0.0
-77.0476831,-12.10682767,2020,San Isidro,HURTO,22668.0,-8576908.84949351,-1357868.5014230292,-1,0.0
-77.03806715,-12.10651072,2020,San Isidro,HURTO,294375.0,-8575838.406836016,-1357832.416131339,1,0.5044712566590496
-77.03722554,-12.10630895,2020,San Isidro,HURTO,102248.0,-8575744.719239369,-1357809.4442990792,1,0.44382376366878584
-77.03724459,-12.10542071,2020,San Isidro,HURTO,268093.0,-8575746.83987567,-1357708.316982553,1,0.5044712566590496
-77.03997978,-12.10550013,2020,San Isidro,HURTO,22655.0,-8576051.31983369,-1357717.3590424906,1,1.0
-77.01083208,-12.10640102,2020,San Isidro,HURTO,294379.0,-8572806.612711897,-1357819.9266114254,-1,0.0
-77.01083208,-12.10640102,2020,San Isidro,HURTO,268096.0,-8572806.612711897,-1357819.9266114254,-1,0.0
-77.04004573,-12.10676418,2020,San Isidro,HURTO,22661.0,-8576058.66135411,-1357861.2729760923,1,0.8111337359615873
-77.03997978,-12.10550013,2020,San Isidro,HURTO,266791.0,-8576051.31983369,-1357717.3590424906,1,1.0
-77.0399489,-12.10483615,2020,San Isidro,HURTO,52611.0,-8576047.882287815,-1357641.764225202,1,0.6142230054394062
-77.03826314,-12.10885575,2020,San Isidro,HURTO,22658.0,-8575860.224343017,-1358099.4027628084,1,0.37007337733233425
-77.03850403,-12.10879518,2020,San Isidro,HURTO,141035.0,-8575887.040095154,-1358092.5067105494,1,0.39373074705054734
-77.01083208,-12.10640102,2020,San Isidro,HURTO,243202.0,-8572806.612711897,-1357819.9266114254,-1,0.0
-77.04016589,-12.10637843,2020,San Isidro,HURTO,141044.0,-8576072.037504124,-1357817.3547045419,1,1.0
-77.0304626,-12.1032878,2020,San Isidro,HURTO,143360.0,-8574991.872202305,-1357465.4836885643,11,0.8434711603118292
-77.04016589,-12.10637843,2020,San Isidro,HURTO,174048.0,-8576072.037504124,-1357817.3547045419,1,1.0
-77.01354412,-12.10424991,2020,San Isidro,HURTO,268091.0,-8573108.51562371,-1357575.020344376,-1,0.0
-77.03625163,-12.10481047,2020,San Isidro,HURTO,102252.0,-8575636.30407409,-1357638.840534124,1,0.4898668142613048
-77.0480683,-12.10341618,2020,San Isidro,HURTO,99745.0,-8576951.729761364,-1357480.0997864457,-1,0.0
-77.04800319,-12.10835238,2020,San Isidro,HURTO,99742.0,-8576944.481749319,-1358042.0928247534,-1,0.0
-77.0364325,-12.1047436,2020,San Isidro,HURTO,143343.0,-8575656.438430391,-1357631.2273258471,1,0.5044712566590496
-77.01101548,-12.10581392,2020,San Isidro,HURTO,243205.0,-8572827.028706508,-1357753.084427486,-1,0.0
-77.01627798,-12.10344572,2020,San Isidro,HURTO,24213.0,-8573412.847526807,-1357483.4629244648,2,0.7581105467365763
-77.03997978,-12.10550013,2020,San Isidro,HURTO,293026.0,-8576051.31983369,-1357717.3590424906,1,1.0
-77.05386,-12.10795,2020,San Isidro,HURTO,268094.0,-8577596.45885619,-1357996.2809293866,-1,0.0
-77.03625163,-12.10481047,2020,San Isidro,HURTO,313312.0,-8575636.30407409,-1357638.840534124,1,0.4898668142613048
-77.03826763,-12.10684922,2020,San Isidro,HURTO,102275.0,-8575860.724167531,-1357870.9549284051,1,0.502231224860515
-77.04083137,-12.1075341,2020,San Isidro,HURTO AGRAVADO,52618.0,-8576146.118398856,-1357948.9298232293,1,0.5965709412732001
-77.03784824,-12.10417175,2020,San Isidro,HURTO AGRAVADO,294381.0,-8575814.037886288,-1357566.1217785366,1,0.4898668142613048
-77.03774501,-12.10438883,2020,San Isidro,HURTO AGRAVADO,143401.0,-8575802.546375252,-1357590.836481389,1,0.4830610990923097
-77.03962633,-12.108815,2020,San Isidro,HURTO AGRAVADO,99755.0,-8576011.973959671,-1358094.763269001,1,0.43820747314972824
-77.04016589,-12.10637843,2020,San Isidro,HURTO AGRAVADO,141046.0,-8576072.037504124,-1357817.3547045419,1,1.0
-77.04118215,-12.10891356,2020,San Isidro,HURTO AGRAVADO,311319.0,-8576185.167049836,-1358105.984583338,1,0.3892573254971439
-77.0371189,-12.10429546,2020,San Isidro,HURTO AGRAVADO,294382.0,-8575732.848128872,-1357580.2062421248,1,0.5044712566590496
-77.04436728,-12.10943053,2020,San Isidro,HURTO AGRAVADO,293037.0,-8576539.734099546,-1358164.8430407117,-1,0.0
-77.04008199,-12.10653988,2020,San Isidro,HURTO AGRAVADO,174059.0,-8576062.697798846,-1357835.7360446972,1,0.9455391496633899
-77.0374994,-12.1049677,2020,San Isidro,HURTO AGRAVADO,101828.0,-8575775.205195118,-1357656.741315333,1,0.5044712566590496
-77.04816374,-12.10406337,2020,San Isidro,HURTO AGRAVADO,141049.0,-8576962.354093565,-1357553.7826507331,-1,0.0
-77.01095578,-12.10580631,2020,San Isidro,HURTO AGRAVADO,221027.0,-8572820.382932909,-1357752.2180189467,-1,0.0
-77.04008199,-12.10653988,2020,San Isidro,HURTO AGRAVADO,242063.0,-8576062.697798846,-1357835.7360446972,1,0.9455391496633899
-77.04900649,-12.10444662,2020,San Isidro,HURTO AGRAVADO,220134.0,-8577056.168594431,-1357597.4159148354,-1,0.0
-77.05263612,-12.10404722,2020,San Isidro,HURTO AGRAVADO,174057.0,-8577460.2171578,-1357551.9439640038,-1,0.0
-77.01564687,-12.10480419,2020,San Isidro,HURTO AGRAVADO,54109.0,-8573342.592682973,-1357638.1255505225,2,0.8035571451299713
-77.03033064,-12.10318154,2020,San Isidro,HURTO AGRAVADO,102324.0,-8574977.182482298,-1357453.3859640055,11,0.8297568801004378
-77.0480707,-12.10329513,2020,San Isidro,HURTO AGRAVADO,266792.0,-8576951.99692814,-1357466.3182108663,-1,0.0
-77.04662277,-12.10941758,2020,San Isidro,HURTO DE VEHICULO,99757.0,-8576790.814097837,-1358163.3686461782,-1,0.0
-77.01131979,-12.1040569,2020,San Isidro,HURTO DE VEHICULO,268116.0,-8572860.904340751,-1357553.0460375217,-1,0.0
-77.04800319,-12.10835238,2020,San Isidro,HURTO DE VEHICULO,99758.0,-8576944.481749319,-1358042.0928247534,-1,0.0
-77.0419829,-12.10559729,2020,San Isidro,HURTO DE VEHICULO,293042.0,-8576274.30613209,-1357728.4208258456,1,0.41352021208047407
-77.03499994,-12.10534521,2020,San Isidro,HURTO DE VEHICULO,24255.0,-8575496.966580661,-1357699.7212216952,-1,0.0
-77.03097035,-12.10328897,2020,San Isidro,HURTO DE VEHICULO,243216.0,-8575048.394673755,-1357465.6168933513,11,1.0
-77.05475551,-12.10326084,2020,San Isidro,HURTO DE VEHICULO,242065.0,-8577696.146573393,-1357462.4142861313,-1,0.0
-77.04010572,-12.10636782,2020,San Isidro,HURTO DE VEHICULO,220136.0,-8576065.339410363,-1357816.146739498,1,1.0
-77.03964979,-12.10883715,2020,San Isidro,HURTO DE VEHICULO,52625.0,-8576014.585514925,-1358097.285104198,1,0.43834794353911644
-77.01589688,-12.10639371,2020,San Isidro,HURTO DE VEHICULO,54114.0,-8573370.423668867,-1357819.0943564512,-1,0.0
-77.04931701,-12.10713712,2020,San Isidro,HURTO DE VEHICULO,293040.0,-8577090.735522712,-1357903.7328683904,-1,0.0
-77.0473769,-12.10925253,2020,San Isidro,HURTO DE VEHICULO,266794.0,-8576874.763465429,-1358144.577237935,-1,0.0
-77.0096298,-12.0913919,2020,San Isidro,ROBO AGRAVADO,266521.0,-8572672.775514506,-1356111.162705979,0,0.8978409115790951
-77.01084813,-12.09541729,2020,San Isidro,ROBO AGRAVADO,102355.0,-8572808.399389723,-1356569.4373964455,-1,0.0
-77.0089613,-12.0920049,2020,San Isidro,ROBO AGRAVADO A MANO ARMADA,74280.0,-8572598.35843491,-1356180.949880123,0,0.6691761237597069
-77.01173404,-12.09108083,2020,San Isidro,HURTO,313313.0,-8572907.018439813,-1356075.7489070252,-1,0.0
-77.01026674,-12.09274135,2020,San Isidro,HURTO,24223.0,-8572743.679350972,-1356264.791469131,0,0.6793805392818535
-77.00956523,-12.09282768,2020,San Isidro,HURTO,313294.0,-8572665.587614987,-1356274.619774532,-1,0.0
-77.00857521,-12.09100681,2020,San Isidro,HURTO,143359.0,-8572555.379092712,-1356067.32209791,0,1.0
-77.00848524,-12.08903017,2020,San Isidro,HURTO,143340.0,-8572545.363678124,-1355842.292320561,0,1.0
-77.0089613,-12.0920049,2020,San Isidro,HURTO DE VEHICULO,143413.0,-8572598.35843491,-1356180.949880123,0,0.6691761237597069
-77.01447064,-12.1021086,2020,San Isidro,ROBO AGRAVADO,143435.0,-8573211.655358318,-1357331.2317766692,2,1.0
-77.01674956,-12.09271985,2020,San Isidro,ROBO AGRAVADO,143441.0,-8573465.343572276,-1356262.34378555,-1,0.0
-77.02746874,-12.10162981,2020,San Isidro,ROBO AGRAVADO,143438.0,-8574658.597231599,-1357276.721707576,6,1.0
-77.0151391,-12.10180029,2020,San Isidro,ROBO AGRAVADO,143432.0,-8573286.067985134,-1357296.1307829905,2,1.0
-77.0224326,-12.0935499,2020,San Isidro,ROBO AGRAVADO,294395.0,-8574097.976691235,-1356356.8415914932,8,1.0
-77.0319186,-12.10091439,2020,San Isidro,ROBO AGRAVADO,143433.0,-8575153.953380898,-1357195.2715801839,-1,0.0
-77.0136749,-12.1008193,2020,San Isidro,ROBO AGRAVADO,313331.0,-8573123.073986713,-1357184.4456585324,2,0.7907488447971126
-77.0244943,-12.0998921,2020,San Isidro,ROBO AGRAVADO,102345.0,-8574327.484085403,-1357078.8848702542,-1,0.0
-77.03461778,-12.09245815,2020,San Isidro,ROBO AGRAVADO,308287.0,-8575454.42472406,-1356232.5503690867,14,0.6808318914511454
-77.03980326,-12.09345531,2020,San Isidro,ROBO AGRAVADO,143439.0,-8576031.669717178,-1356346.0728911061,13,1.0
-77.02289486,-12.09717855,2020,San Isidro,ROBO AGRAVADO,312927.0,-8574149.435239049,-1356769.9520336296,18,1.0
-77.02295492,-12.10237238,2020,San Isidro,ROBO AGRAVADO,143436.0,-8574156.121087665,-1357361.263076414,-1,0.0
-77.01418523,-12.10209311,2020,San Isidro,ROBO AGRAVADO,313334.0,-8573179.88366245,-1357329.4682442183,2,1.0
-77.02250009,-12.0934499,2020,San Isidro,ROBO AGRAVADO,24263.0,-8574105.489643667,-1356345.4569839477,8,1.0
-77.0306888,-12.09526186,2020,San Isidro,ROBO AGRAVADO,53715.0,-8575017.052671121,-1356551.742179191,-1,0.0
-77.0310026,-12.09235132,2020,San Isidro,ROBO AGRAVADO,102348.0,-8575051.984727332,-1356220.3882426524,16,1.0
-77.0224326,-12.0935499,2020,San Isidro,ROBO AGRAVADO,312930.0,-8574097.976691235,-1356356.8415914932,8,1.0
-77.03471341,-12.09194139,2020,San Isidro,ROBO AGRAVADO,312928.0,-8575465.070206963,-1356173.7195571489,14,1.0
-77.02793085,-12.1007586,2020,San Isidro,ROBO AGRAVADO,24264.0,-8574710.03908149,-1357177.5350133262,6,0.7598456921811084
-77.01810539,-12.0978615,2020,San Isidro,ROBO AGRAVADO,313332.0,-8573616.27387748,-1356847.704379957,-1,0.0
-77.03838602,-12.10043206,2020,San Isidro,ROBO AGRAVADO,102352.0,-8575873.903282046,-1357140.3587291236,-1,0.0
-77.0209522,-12.10096958,2020,San Isidro,ROBO AGRAVADO,204181.0,-8573933.179317063,-1357201.554920009,-1,0.0
-77.05455279,-12.10092987,2020,San Isidro,ROBO AGRAVADO,99770.0,-8577673.579886217,-1357197.0339663653,-1,0.0
-77.0310026,-12.09235132,2020,San Isidro,ROBO AGRAVADO,268125.0,-8575051.984727332,-1356220.3882426524,16,1.0
-77.03980326,-12.09345531,2020,San Isidro,ROBO AGRAVADO,102361.0,-8576031.669717178,-1356346.0728911061,13,1.0
-77.0310026,-12.09235132,2020,San Isidro,ROBO AGRAVADO,54123.0,-8575051.984727332,-1356220.3882426524,16,1.0
-77.0350754,-12.09381647,2020,San Isidro,ROBO AGRAVADO,175574.0,-8575505.366749436,-1356387.18956063,-1,0.0
-77.0153802,-12.0925556,2020,San Isidro,ROBO AGRAVADO,102344.0,-8573312.907114364,-1356243.6446279427,-1,0.0
-77.01542144,-12.10251913,2020,San Isidro,ROBO AGRAVADO,102347.0,-8573317.497930164,-1357377.9705471203,2,0.9266816438837608
-77.0536286,-12.09496942,2020,San Isidro,ROBO AGRAVADO,311698.0,-8577570.699526021,-1356518.448831704,5,1.0
-77.03070036,-12.10056382,2020,San Isidro,ROBO AGRAVADO,54120.0,-8575018.339524435,-1357155.3594807049,-1,0.0
-77.03980326,-12.09345531,2020,San Isidro,ROBO AGRAVADO,143440.0,-8576031.669717178,-1356346.0728911061,13,1.0
-77.0250802,-12.09967241,2020,San Isidro,ROBO AGRAVADO A MANO ARMADA,24266.0,-8574392.70617506,-1357053.8734381814,-1,0.0
-77.0342485,-12.0937125,2020,San Isidro,ROBO AGRAVADO A MANO ARMADA,294399.0,-8575413.3166625,-1356375.352972452,-1,0.0
-77.01262655,-12.09200885,2020,San Isidro,ROBO AGRAVADO A MANO ARMADA,175578.0,-8573006.37219854,-1356181.39956961,0,0.6416348315006181
-77.031365,-12.0979153,2020,San Isidro,ROBO AGRAVADO A MANO ARMADA,54133.0,-8575092.326910796,-1356853.8293993534,12,0.8936804973869783
-77.02088993,-12.10203716,2020,San Isidro,ROBO AGRAVADO A MANO ARMADA,24269.0,-8573926.247452373,-1357323.0983521955,-1,0.0
-77.05128563,-12.09848019,2020,San Isidro,ROBO AGRAVADO A MANO ARMADA,99772.0,-8577309.881298676,-1356918.1410389643,-1,0.0
-77.02044945,-12.10041762,2020,San Isidro,ROBO AGRAVADO A MANO ARMADA,54125.0,-8573877.213443067,-1357138.714749209,10,1.0
-77.02525022,-12.09970393,2020,San Isidro,ROBO AGRAVADO A MANO ARMADA,24270.0,-8574411.632714882,-1357057.4619495452,-1,0.0
-77.03059041,-12.09861791,2020,San Isidro,ROBO AGRAVADO A MANO ARMADA,175585.0,-8575006.099946423,-1356933.820216587,12,0.7035431874985444
-77.02857277,-12.09709143,2020,San Isidro,ROBO AGRAVADO A MANO ARMADA,175582.0,-8574781.497289017,-1356760.033628688,15,0.6226438668363572
-77.02971322,-12.09935672,2020,San Isidro,ROBO AGRAVADO A MANO ARMADA,143445.0,-8574908.451602293,-1357017.9325620255,-1,0.0
-77.02250009,-12.0934499,2020,San Isidro,ROBO AGRAVADO A MANO ARMADA,54131.0,-8574105.489643667,-1356345.4569839477,8,1.0
-77.01760707,-12.09557439,2020,San Isidro,ROBO AGRAVADO A MANO ARMADA,49236.0,-8573560.801148826,-1356587.3227484063,-1,0.0
-77.030782,-12.0986351,2020,San Isidro,ROBO AGRAVADO A MANO ARMADA,143448.0,-8575027.427647663,-1356935.7772681515,12,0.7136499089228666
-77.0236305,-12.09708075,2020,San Isidro,ROBO AGRAVADO A MANO ARMADA,175579.0,-8574231.326309254,-1356758.8177362934,18,1.0
-77.02925276,-12.09930755,2020,San Isidro,ROBO AGRAVADO A MANO ARMADA,143442.0,-8574857.193429563,-1357012.3346283757,-1,0.0
-77.03069056,-12.10249867,2020,San Isidro,ROBO AGRAVADO A MANO ARMADA,54128.0,-8575017.248593425,-1357375.6411779108,11,1.0
-77.0322641,-12.09574077,2020,San Isidro,ROBO AGRAVADO A MANO ARMADA,175580.0,-8575192.41426497,-1356606.2646112933,12,0.6621784488022754
-77.02533098,-12.09691533,2020,San Isidro,ROBO AGRAVADO A MANO ARMADA,268126.0,-8574420.62287696,-1356739.9850720947,19,0.0
-77.036513,-12.0994976,2020,San Isidro,ROBO AGRAVADO A MANO ARMADA,143443.0,-8575665.399649398,-1357033.9715527347,7,1.0
-77.03228986,-12.0943076,2020,San Isidro,ROBO AGRAVADO A MANO ARMADA,54129.0,-8575195.281855052,-1356443.102901212,16,0.582250271933767
-77.02289486,-12.09717855,2020,San Isidro,ROBO AGRAVADO A MANO ARMADA,54126.0,-8574149.435239049,-1356769.9520336296,18,1.0
-77.03032507,-12.0952805,2020,San Isidro,ROBO AGRAVADO A MANO ARMADA,24265.0,-8574976.562432736,-1356553.8642840942,-1,0.0
-77.02035228,-12.09928226,2020,San Isidro,ROBO AGRAVADO A MANO ARMADA,221038.0,-8573866.396528147,-1357009.4553987163,10,1.0
-77.01797457,-12.09105466,2020,San Isidro,ROBO AGRAVADO A MANO ARMADA,294397.0,-8573601.711061694,-1356072.7695823258,3,0.06757411848941854
-77.03515501,-12.09876673,2020,San Isidro,ROBO AGRAVADO A MANO ARMADA,98594.0,-8575514.228894098,-1356950.7631185956,7,0.7389010611109841
-77.036513,-12.0994976,2020,San Isidro,ROBO AGRAVADO A MANO ARMADA,143446.0,-8575665.399649398,-1357033.9715527347,7,1.0
-77.0224326,-12.0935499,2020,San Isidro,ROBO,102336.0,-8574097.976691235,-1356356.8415914932,8,1.0
-77.02250009,-12.0934499,2020,San Isidro,ROBO,24260.0,-8574105.489643667,-1356345.4569839477,8,1.0
-77.05481505,-12.09566131,2020,San Isidro,ROBO,99763.0,-8577702.774535874,-1356597.2183276683,5,1.0
-77.03080586,-12.09287382,2020,San Isidro,ROBO,102021.0,-8575030.083730713,-1356279.8726197022,16,1.0
-77.02779354,-12.09388784,2020,San Isidro,ROBO,143421.0,-8574694.753802208,-1356395.3147657383,-1,0.0
-77.05180283,-12.09415362,2020,San Isidro,ROBO,99760.0,-8577367.455739316,-1356425.5728346077,5,1.0
-77.02997062,-12.0940856,2020,San Isidro,ROBO,268121.0,-8574937.105239224,-1356417.8290066079,16,0.5336384458111242
-77.01674956,-12.09271985,2020,San Isidro,ROBO,175570.0,-8573465.343572276,-1356262.34378555,-1,0.0
-77.02250009,-12.0934499,2020,San Isidro,ROBO,221037.0,-8574105.489643667,-1356345.4569839477,8,1.0
-77.04435531,-12.09401907,2020,San Isidro,ROBO,141057.0,-8576538.401605243,-1356410.2548115614,9,1.0
-77.01709048,-12.10208381,2020,San Isidro,ROBO,268124.0,-8573503.294613078,-1357328.4094416993,2,0.6016848856966349
-77.03980326,-12.09345531,2020,San Isidro,ROBO,102337.0,-8576031.669717178,-1356346.0728911061,13,1.0
-77.03139415,-12.09733755,2020,San Isidro,ROBO,143419.0,-8575095.571873952,-1356788.0538140691,12,1.0
-77.04982883,-12.0931062,2020,San Isidro,ROBO,99766.0,-8577147.71106449,-1356306.3281202738,5,1.0
-77.031894,-12.10250046,2020,San Isidro,ROBO,294387.0,-8575151.214921426,-1357375.844969247,11,0.9858855692115251
-77.03980326,-12.09345531,2020,San Isidro,ROBO,102334.0,-8576031.669717178,-1356346.0728911061,13,1.0
-77.01387429,-12.09231917,2020,San Isidro,ROBO,24258.0,-8573145.269979984,-1356216.728107267,-1,0.0
-77.02966237,-12.10172023,2020,San Isidro,ROBO,143425.0,-8574902.791006187,-1357287.0159845355,-1,0.0
-77.0314967,-12.0969344,2020,San Isidro,ROBO,268122.0,-8575106.987687733,-1356742.1561445643,12,1.0
-77.0279649,-12.0926295,2020,San Isidro,ROBO,143428.0,-8574713.82951015,-1356252.0578243735,-1,0.0
-77.01407097,-12.10187708,2020,San Isidro,ROBO,294391.0,-8573167.164297434,-1357304.8732958408,2,1.0
-77.02973891,-12.10153603,2020,San Isidro,ROBO,268119.0,-8574911.311400013,-1357266.0448997822,-1,0.0
-77.0314967,-12.0969344,2020,San Isidro,ROBO,102338.0,-8575106.987687733,-1356742.1561445643,12,1.0
-77.02874132,-12.09776465,2020,San Isidro,ROBO,143429.0,-8574800.26018919,-1356836.67820967,15,0.35980231588523204
-77.0322005,-12.0920806,2020,San Isidro,ROBO,143420.0,-8575185.334345354,-1356189.5679810776,16,1.0
-77.02308425,-12.09501652,2020,San Isidro,ROBO,143423.0,-8574170.518037409,-1356523.8110118003,8,0.07831906095206514
-77.03166448,-12.0933015,2020,San Isidro,ROBO,268120.0,-8575125.6648719,-1356328.5622341959,16,0.6653243749665023
-77.02881788,-12.09664278,2020,San Isidro,ROBO,102335.0,-8574808.782809408,-1356708.9559436757,15,1.0
-77.0236305,-12.09708075,2020,San Isidro,ROBO,102341.0,-8574231.326309254,-1356758.8177362934,18,1.0
-77.02628156,-12.10273013,2020,San Isidro,ROBO,24259.0,-8574526.440958519,-1357401.9928890546,6,0.7963825958551966
-77.02533098,-12.09691533,2020,San Isidro,ROBO,143426.0,-8574420.62287696,-1356739.9850720947,19,0.0
-77.032174,-12.092459,2020,San Isidro,ROBO,175179.0,-8575182.384378847,-1356232.647137873,16,1.0
-77.030782,-12.0986351,2020,San Isidro,ROBO,268123.0,-8575027.427647663,-1356935.7772681515,12,0.7136499089228666
-77.0527586,-12.10283178,2020,San Isidro,ROBO,99768.0,-8577473.851569032,-1357413.5657444408,-1,0.0
-77.05193924,-12.10278446,2020,San Isidro,HURTO,220129.0,-8577382.640831055,-1357408.1783605493,-1,0.0
-77.03600319,-12.09867428,2020,San Isidro,HURTO,24220.0,-8575608.647859799,-1356940.2378433915,7,1.0
-77.04919749,-12.09728474,2020,San Isidro,HURTO,174052.0,-8577077.430617172,-1356782.04151712,-1,0.0
-77.02686915,-12.09278746,2020,San Isidro,HURTO,243206.0,-8574591.851178113,-1356270.0408972313,17,0.9444414982266992
-77.0390134,-12.0979705,2020,San Isidro,HURTO,175543.0,-8575943.742904179,-1356860.1138071525,-1,0.0
-77.03051092,-12.1010177,2020,San Isidro,HURTO,102267.0,-8574997.251160098,-1357207.0333467317,-1,0.0
-77.0236305,-12.09708075,2020,San Isidro,HURTO,175526.0,-8574231.326309254,-1356758.8177362934,18,1.0
-77.0224326,-12.0935499,2020,San Isidro,HURTO,243200.0,-8574097.976691235,-1356356.8415914932,8,1.0
-77.02456934,-12.09305976,2020,San Isidro,HURTO,221025.0,-8574335.837499993,-1356301.0411167722,22,1.0
-77.03033903,-12.09442474,2020,San Isidro,HURTO,102259.0,-8574978.116452826,-1356456.438873693,16,0.542867805496349
-77.03226088,-12.09807537,2020,San Isidro,HURTO,24214.0,-8575192.055816207,-1356872.0530470675,12,0.8936804973869783
-77.04003694,-12.10011689,2020,San Isidro,HURTO,102250.0,-8576057.682855785,-1357104.4769522366,-1,0.0
-77.03692196,-12.0960422,2020,San Isidro,HURTO,175535.0,-8575710.924868355,-1356640.581540765,-1,0.0
-77.03867892,-12.09332969,2020,San Isidro,HURTO,313296.0,-8575906.5087609,-1356331.7715528512,13,0.5733972499407453
-77.024553,-12.0930124,2020,San Isidro,HURTO,268098.0,-8574334.01853951,-1356295.6493759907,22,1.0
-77.02673983,-12.09362522,2020,San Isidro,HURTO,143372.0,-8574577.455341564,-1356365.416480708,-1,0.0
-77.03202785,-12.09885624,2020,San Isidro,HURTO,102276.0,-8575166.11503527,-1356960.9536832706,12,0.8936804973869783
-77.02868928,-12.09635385,2020,San Isidro,HURTO,143378.0,-8574794.46712289,-1356676.062028214,15,1.0
-77.0310026,-12.09235132,2020,San Isidro,HURTO,143355.0,-8575051.984727332,-1356220.3882426524,16,1.0
-77.03243989,-12.09765163,2020,San Isidro,HURTO,54092.0,-8575211.983118255,-1356823.8111236976,12,0.8212430151944277
-77.02500432,-12.09378756,2020,San Isidro,HURTO,243197.0,-8574384.259252096,-1356383.8982668703,20,1.0
-77.04879309,-12.09342286,2020,San Isidro,HURTO,220126.0,-8577032.413015096,-1356342.3785867991,5,1.0
-77.02777138,-12.09262569,2020,San Isidro,HURTO,294378.0,-8574692.286962293,-1356251.6240722402,-1,0.0
-77.01278669,-12.09610147,2020,San Isidro,HURTO,143349.0,-8573024.198901795,-1356647.3292625633,2,0.6337147919148064
-77.04435531,-12.09401907,2020,San Isidro,HURTO,52604.0,-8576538.401605243,-1356410.2548115614,9,1.0
-77.0278883,-12.09320035,2020,San Isidro,HURTO,243203.0,-8574705.302437156,-1356317.046714385,-1,0.0
-77.0232106,-12.09873505,2020,San Isidro,HURTO,54101.0,-8574184.583255071,-1356947.1564040857,10,0.9345929517120732
-77.03070884,-12.10238282,2020,San Isidro,HURTO,24217.0,-8575019.283513717,-1357362.4516689158,11,1.0
-77.03230904,-12.10007718,2020,San Isidro,HURTO,102293.0,-8575197.416962884,-1357099.9560130166,12,0.7063053619782113
-77.0287384,-12.0965496,2020,San Isidro,HURTO,54095.0,-8574799.935136277,-1356698.3476435181,15,1.0
-77.03408369,-12.10221672,2020,San Isidro,HURTO,143369.0,-8575394.970097221,-1357343.5412132542,-1,0.0
-77.01918,-12.1009202,2020,San Isidro,HURTO,313299.0,-8573735.89891548,-1357195.933044237,-1,0.0
-77.0300264,-12.10003533,2020,San Isidro,HURTO,24211.0,-8574943.31464042,-1357095.1914379091,12,0.7054077478466806
-77.03680411,-12.10146564,2020,San Isidro,HURTO,102256.0,-8575697.805866364,-1357258.0310346768,7,1.0
-77.01680901,-12.09423297,2020,San Isidro,HURTO,143352.0,-8573471.961516004,-1356434.6065441212,-1,0.0
-77.0343762,-12.0948087,2020,San Isidro,HURTO,268092.0,-8575427.532161472,-1356500.151395398,-1,0.0
-77.03180549,-12.09535131,2020,San Isidro,HURTO,102299.0,-8575141.362033295,-1356561.9257794484,-1,0.0
-77.04572851,-12.09900062,2020,San Isidro,HURTO,99737.0,-8576691.26553,-1356977.3911134072,-1,0.0
-77.03477914,-12.0923165,2020,San Isidro,HURTO,244454.0,-8575472.387237092,-1356216.4241395881,14,0.9456247969267032
-77.05202833,-12.0950292,2020,San Isidro,HURTO,22660.0,-8577392.55828449,-1356525.254588258,5,1.0
-77.03223276,-12.09334824,2020,San Isidro,HURTO,143358.0,-8575188.925512128,-1356333.883396279,16,0.810311733052573
-77.01366307,-12.09769451,2020,San Isidro,HURTO,221013.0,-8573121.757077139,-1356828.6929196103,2,0.6672714323611284
-77.0502085,-12.09650569,2020,San Isidro,HURTO,220123.0,-8577189.975735558,-1356693.3486057352,-1,0.0
-77.05254935,-12.09514918,2020,San Isidro,HURTO,174046.0,-8577450.557965584,-1356538.9139215786,5,1.0
-77.03478236,-12.09228946,2020,San Isidro,HURTO,102273.0,-8575472.745685853,-1356213.345755486,14,1.0
-77.014323,-12.1002243,2020,San Isidro,HURTO,24234.0,-8573195.220148697,-1357116.705464333,2,0.6886239610129148
-77.0379451,-12.09328163,2020,San Isidro,HURTO,102279.0,-8575824.820292166,-1356326.3001144396,13,0.49417703373803407
-77.0297626,-12.0927863,2020,San Isidro,HURTO,143364.0,-8574913.94855875,-1356269.9088361366,16,0.8125367718754126
-77.03169639,-12.10190823,2020,San Isidro,HURTO,102265.0,-8575129.21707685,-1357308.4197124364,11,0.9593278837129251
-77.03680411,-12.10146564,2020,San Isidro,HURTO,221008.0,-8575697.805866364,-1357258.0310346768,7,1.0
-77.03207829,-12.09921824,2020,San Isidro,HURTO,102288.0,-8575171.729990384,-1357002.166816195,12,0.8936804973869783
-77.035992,-12.0973433,2020,San Isidro,HURTO,113031.0,-8575607.402194696,-1356788.7084384067,7,0.8983450343491914
-77.02964952,-12.09276893,2020,San Isidro,HURTO,268104.0,-8574901.360550731,-1356267.9313351472,16,0.8849872809656619
-77.0274813,-12.1021532,2020,San Isidro,HURTO,243204.0,-8574659.995404404,-1357336.3094755819,6,1.0
-77.02500432,-12.09378756,2020,San Isidro,HURTO,102294.0,-8574384.259252096,-1356383.8982668703,20,1.0
-77.02456934,-12.09305976,2020,San Isidro,HURTO,175524.0,-8574335.837499993,-1356301.0411167722,22,1.0
-77.03197497,-12.0924521,2020,San Isidro,HURTO,313302.0,-8575160.228460595,-1356231.8616030198,16,1.0
-77.0287384,-12.0965496,2020,San Isidro,HURTO,52281.0,-8574799.935136277,-1356698.3476435181,15,1.0
-77.0527586,-12.10283178,2020,San Isidro,HURTO,311682.0,-8577473.851569032,-1357413.5657444408,-1,0.0
-77.05154839,-12.09469167,2020,San Isidro,HURTO,294370.0,-8577339.131608076,-1356486.8279268895,5,0.9120334435944519
-77.02453896,-12.09268462,2020,San Isidro,HURTO,143376.0,-8574332.45561386,-1356258.3330002744,21,1.0
-77.02962176,-12.095182,2020,San Isidro,HURTO,221020.0,-8574898.270321665,-1356542.6503730507,15,0.3003850573075763
-77.03867892,-12.09332969,2020,San Isidro,HURTO,143353.0,-8575906.5087609,-1356331.7715528512,13,0.5733972499407453
-77.04879309,-12.09342286,2020,San Isidro,HURTO,22663.0,-8577032.413015096,-1356342.3785867991,5,1.0
-77.05193924,-12.10278446,2020,San Isidro,HURTO,311688.0,-8577382.640831055,-1357408.1783605493,-1,0.0
-77.03207829,-12.09921824,2020,San Isidro,HURTO,294376.0,-8575171.729990384,-1357002.166816195,12,0.8936804973869783
-77.03252855,-12.09881569,2020,San Isidro,HURTO,313311.0,-8575221.852704309,-1356956.337132768,12,0.8936804973869783
-77.03236165,-12.09415716,2020,San Isidro,HURTO,24235.0,-8575203.273481295,-1356425.9758507037,16,0.6993711675243994
-77.04280238,-12.09394359,2020,San Isidro,HURTO,24229.0,-8576365.530228406,-1356401.6616943139,9,0.978622044516112
-77.030591,-12.0929226,2020,San Isidro,HURTO,143347.0,-8575006.165624922,-1356285.426018768,16,0.8106362276731679
-77.02997148,-12.09226645,2020,San Isidro,HURTO,266470.0,-8574937.200973986,-1356210.72616926,16,1.0
-77.0244575,-12.0970493,2020,San Isidro,HURTO,175544.0,-8574323.38752814,-1356755.2372294776,18,0.8269839974367874
-77.02468813,-12.09308244,2020,San Isidro,HURTO,54099.0,-8574349.061142303,-1356303.6231416243,22,1.0
-77.01216888,-12.10103716,2020,San Isidro,HURTO,102222.0,-8572955.42460719,-1357209.2488537468,-1,0.0
-77.03264218,-12.09295256,2020,San Isidro,HURTO,243201.0,-8575234.501938047,-1356288.836840017,16,0.6654029748647695
-77.03644088,-12.09911105,2020,San Isidro,HURTO,204171.0,-8575657.371287724,-1356989.963396793,7,0.9042609460118489
-77.0297626,-12.0927863,2020,San Isidro,HURTO,175550.0,-8574913.94855875,-1356269.9088361366,16,0.8125367718754126
-77.01722997,-12.09084298,2020,San Isidro,HURTO,24215.0,-8573518.822568849,-1356048.6708749493,3,0.0521242520091553
-77.02717165,-12.09622893,2020,San Isidro,HURTO,143384.0,-8574625.525324078,-1356661.840227989,-1,0.0
-77.02468813,-12.09308244,2020,San Isidro,HURTO,102268.0,-8574349.061142303,-1356303.6231416243,22,1.0
-77.03070884,-12.10238282,2020,San Isidro,HURTO,237304.0,-8575019.283513717,-1357362.4516689158,11,1.0
-77.03243989,-12.09765163,2020,San Isidro,HURTO,102297.0,-8575211.983118255,-1356823.8111236976,12,0.8212430151944277
-77.03264218,-12.09295256,2020,San Isidro,HURTO,190778.0,-8575234.501938047,-1356288.836840017,16,0.6654029748647695
-77.025369,-12.0967912,2020,San Isidro,HURTO,268090.0,-8574424.855244,-1356725.8531815065,19,0.0
-77.0361378,-12.0920515,2020,San Isidro,HURTO,102262.0,-8575623.632576454,-1356186.2550780426,13,0.4530382547472426
-77.02522778,-12.09694153,2020,San Isidro,HURTO,102251.0,-8574409.134705508,-1356742.9678775198,19,0.0
-77.03042647,-12.09313553,2020,San Isidro,HURTO,143373.0,-8574987.850229101,-1356309.6672209345,16,0.7683727139379471
-77.02868928,-12.09635385,2020,San Isidro,HURTO,175538.0,-8574794.46712289,-1356676.062028214,15,1.0
-77.04280238,-12.09394359,2020,San Isidro,HURTO,22666.0,-8576365.530228406,-1356401.6616943139,9,0.978622044516112
-77.03150798,-12.09235747,2020,San Isidro,HURTO,102254.0,-8575108.24337159,-1356221.088393017,16,1.0
-77.03477914,-12.0923165,2020,San Isidro,HURTO,294373.0,-8575472.387237092,-1356216.4241395881,14,0.9456247969267032
-77.0274813,-12.1021532,2020,San Isidro,HURTO,54093.0,-8574659.995404404,-1357336.3094755819,6,1.0
-77.02453896,-12.09268462,2020,San Isidro,HURTO,221017.0,-8574332.45561386,-1356258.3330002744,21,1.0
-77.03166745,-12.10230202,2020,San Isidro,HURTO,102271.0,-8575125.995490786,-1357353.252601719,11,1.0
-77.02453896,-12.09268462,2020,San Isidro,HURTO,102285.0,-8574332.45561386,-1356258.3330002744,21,1.0
-77.02657778,-12.09470862,2020,San Isidro,HURTO,143350.0,-8574559.41601808,-1356488.7576265302,-1,0.0
-77.0224326,-12.0935499,2020,San Isidro,HURTO,143344.0,-8574097.976691235,-1356356.8415914932,8,1.0
-77.04529346,-12.09411924,2020,San Isidro,HURTO,52607.0,-8576642.83598553,-1356421.6587972168,-1,0.0
-77.01382661,-12.09878257,2020,San Isidro,HURTO,175545.0,-8573139.962266663,-1356952.56647601,2,0.7481547979242872
-77.0258152,-12.0927139,2020,San Isidro,HURTO,54102.0,-8574474.52600079,-1356261.6664033832,17,0.8621125434366308
-77.02673983,-12.09362522,2020,San Isidro,HURTO,143339.0,-8574577.455341564,-1356365.416480708,-1,0.0
-77.0197718,-12.0998013,2020,San Isidro,HURTO,102263.0,-8573801.777790131,-1357068.5474011865,-1,0.0
-77.03464251,-12.0919349,2020,San Isidro,HURTO,143385.0,-8575457.177655065,-1356172.9807004344,14,0.9652008822368247
-77.03324181,-12.09392092,2020,San Isidro,HURTO,143362.0,-8575301.252444312,-1356399.080799611,-1,0.0
-77.0261442,-12.1023156,2020,San Isidro,HURTO,24218.0,-8574511.150113264,-1357354.7986823732,6,0.7806314399444185
-77.0248855,-12.0940161,2020,San Isidro,HURTO,102292.0,-8574371.0322702,-1356409.9166880625,20,1.0
-77.02225167,-12.09362867,2020,San Isidro,HURTO,204172.0,-8574077.835655766,-1356365.809249855,8,0.39364787873039553
-77.01730522,-12.09782819,2020,San Isidro,HURTO,313306.0,-8573527.19936053,-1356843.912105554,-1,0.0
-77.03020811,-12.09957476,2020,San Isidro,HURTO,175539.0,-8574963.542505093,-1357042.7561142622,12,0.8022754597366655
-77.0209927,-12.0987999,2020,San Isidro,HURTO,221023.0,-8573937.68775644,-1356954.539467547,10,1.0
-77.027615,-12.10282,2020,San Isidro,HURTO,175530.0,-8574674.87882032,-1357412.2245908806,6,1.0
-77.01936747,-12.09067444,2020,San Isidro,HURTO,268102.0,-8573756.76798042,-1356029.4834540586,3,1.0
-77.03201643,-12.09890901,2020,San Isidro,HURTO,55674.0,-8575164.843766684,-1356966.9614616313,12,0.8582343422568592
-77.02940714,-12.09574458,2020,San Isidro,HURTO,313300.0,-8574874.378932552,-1356606.6983684788,15,0.32182550766106843
-77.01884177,-12.09748179,2020,San Isidro,HURTO,102257.0,-8573698.24732411,-1356804.4752121274,-1,0.0
-77.03129921,-12.09323261,2020,San Isidro,HURTO,242715.0,-8575085.003201498,-1356320.7193848863,16,0.7458880211879962
-77.0297626,-12.0927863,2020,San Isidro,HURTO,143368.0,-8574913.94855875,-1356269.9088361366,16,0.8125367718754126
-77.0278883,-12.09320035,2020,San Isidro,HURTO,102303.0,-8574705.302437156,-1356317.046714385,-1,0.0
-77.04835081,-12.09726556,2020,San Isidro,HURTO,293031.0,-8576983.178630708,-1356779.857918561,-1,0.0
-77.04107958,-12.09421826,2020,San Isidro,HURTO,190404.0,-8576173.749009667,-1356432.9318638064,9,0.9534579350588608
-77.01995261,-12.09592924,2020,San Isidro,HURTO,175533.0,-8573821.905467262,-1356627.7213685203,-1,0.0
-77.0322005,-12.0920806,2020,San Isidro,HURTO,102300.0,-8575185.334345354,-1356189.5679810776,16,1.0
-77.02456934,-12.09305976,2020,San Isidro,HURTO,54088.0,-8574335.837499993,-1356301.0411167722,22,1.0
-77.0315885,-12.10282565,2020,San Isidro,HURTO,294374.0,-8575117.206816988,-1357412.867843641,11,1.0
-77.0461892,-12.0951889,2020,San Isidro,HURTO,22667.0,-8576742.549306214,-1356543.4359159234,-1,0.0
-77.020559,-12.0974578,2020,San Isidro,HURTO,54094.0,-8573889.408493284,-1356801.7440042237,-1,0.0
-77.02223602,-12.09359736,2020,San Isidro,HURTO,313111.0,-8574076.093505733,-1356362.2447277235,8,0.4091808500689471
-77.04894169,-12.09429514,2020,San Isidro,HURTO,174045.0,-8577048.955091428,-1356441.6843748589,5,0.9970938710559282
-77.032614,-12.094811,2020,San Isidro,HURTO,221012.0,-8575231.364954796,-1356500.4132426549,-1,0.0
-77.0306041,-12.09774203,2020,San Isidro,HURTO,102286.0,-8575007.623910252,-1356834.1029704735,12,0.8103136151773899
-77.04047753,-12.0934122,2020,San Isidro,HURTO,141038.0,-8576106.729110235,-1356341.1649880079,13,1.0
-77.02767921,-12.10066974,2020,San Isidro,HURTO,24227.0,-8574682.026644826,-1357167.4183780488,6,0.8310686184094335
-77.0329912,-12.09706053,2020,San Isidro,HURTO,143345.0,-8575273.354666723,-1356756.5157379047,12,0.90886900012167
-77.03312434,-12.09707695,2020,San Isidro,HURTO,221006.0,-8575288.175743729,-1356758.3851154167,12,0.8257485952936078
-77.02500432,-12.09378756,2020,San Isidro,HURTO,102280.0,-8574384.259252096,-1356383.8982668703,20,1.0
-77.05299945,-12.09487895,2020,San Isidro,HURTO,220130.0,-8577500.66286839,-1356508.1491223963,5,1.0
-77.02453896,-12.09268462,2020,San Isidro,HURTO,102289.0,-8574332.45561386,-1356258.3330002744,21,1.0
-77.0308932,-12.092753,2020,San Isidro,HURTO,221009.0,-8575039.80637504,-1356266.1177721764,16,1.0
-77.02966695,-12.09195842,2020,San Isidro,HURTO,24221.0,-8574903.300849456,-1356175.6583445768,16,1.0
-77.03200508,-12.09318706,2020,San Isidro,HURTO,143365.0,-8575163.580290463,-1356315.5337017744,16,0.9634304863932583
-77.03230904,-12.10007718,2020,San Isidro,HURTO,313303.0,-8575197.416962884,-1357099.9560130166,12,0.7063053619782113
-77.02145866,-12.09061702,2020,San Isidro,HURTO,313309.0,-8573989.55818637,-1356022.94648217,3,0.0560022337620107
-77.03477955,-12.09193701,2020,San Isidro,HURTO,49620.0,-8575472.432878084,-1356173.220914249,14,1.0
-77.0289716,-12.09450074,2020,San Isidro,HURTO,143382.0,-8574825.894841531,-1356465.091206584,-1,0.0
-77.035992,-12.0973433,2020,San Isidro,HURTO,243199.0,-8575607.402194696,-1356788.7084384067,7,0.8983450343491914
-77.01456027,-12.10048639,2020,San Isidro,HURTO,102260.0,-8573221.632924277,-1357146.5441474249,2,0.8247831087802112
-77.03287552,-12.0964202,2020,San Isidro,HURTO,221026.0,-8575260.477228029,-1356683.6157968857,12,0.7068231096657032
-77.02453896,-12.09268462,2020,San Isidro,HURTO,268099.0,-8574332.45561386,-1356258.3330002744,21,1.0
-77.03123179,-12.09644437,2020,San Isidro,HURTO,175542.0,-8575077.498041429,-1356686.367486709,12,0.9764631911369628
-77.020559,-12.0974578,2020,San Isidro,HURTO,102249.0,-8573889.408493284,-1356801.7440042237,-1,0.0
-77.03248505,-12.09908668,2020,San Isidro,HURTO,98522.0,-8575217.010306459,-1356987.1889098291,12,0.8936804973869783
-77.05492676,-12.09666431,2020,San Isidro,HURTO,311674.0,-8577715.21003619,-1356711.407078592,-1,0.0
-77.03324181,-12.09392092,2020,San Isidro,HURTO,313297.0,-8575301.252444312,-1356399.080799611,-1,0.0
-77.0289716,-12.09450074,2020,San Isidro,HURTO,175536.0,-8574825.894841531,-1356465.091206584,-1,0.0
-77.02456934,-12.09305976,2020,San Isidro,HURTO,143371.0,-8574335.837499993,-1356301.0411167722,22,1.0
-77.01291146,-12.09866084,2020,San Isidro,HURTO,102277.0,-8573038.088234663,-1356938.7077225617,2,0.609682956949627
-77.03166745,-12.10230202,2020,San Isidro,HURTO,24210.0,-8575125.995490786,-1357353.252601719,11,1.0
-77.04047753,-12.0934122,2020,San Isidro,HURTO,99741.0,-8576106.729110235,-1356341.1649880079,13,1.0
-77.02429852,-12.09432394,2020,San Isidro,HURTO,243196.0,-8574305.689955495,-1356444.9631517597,-1,0.0
-77.01740843,-12.09029336,2020,San Isidro,HURTO,143379.0,-8573538.688645175,-1355986.099480874,3,0.05126094609431877
-77.0248855,-12.0940161,2020,San Isidro,HURTO,54091.0,-8574371.0322702,-1356409.9166880625,20,1.0
-77.0244575,-12.0970493,2020,San Isidro,HURTO,221015.0,-8574323.38752814,-1356755.2372294776,18,0.8269839974367874
-77.03196915,-12.09351861,2020,San Isidro,HURTO,294371.0,-8575159.580581158,-1356353.2793473338,16,0.7154617521145833
-77.03121917,-12.09982669,2020,San Isidro,HURTO,102283.0,-8575076.093189454,-1357071.438021313,12,0.709131052477146
-77.03055693,-12.09375415,2020,San Isidro,HURTO,175553.0,-8575002.372969871,-1356380.094665635,16,0.6149992601064967
-77.01713421,-12.09838786,2020,San Isidro,HURTO,24224.0,-8573508.162614409,-1356907.629436821,-1,0.0
-77.03170081,-12.09630828,2020,San Isidro,HURTO,24230.0,-8575129.709108999,-1356670.8740076215,12,0.9696539833725887
-77.04952021,-12.09348287,2020,San Isidro,HURTO,52605.0,-8577113.35564324,-1356349.2104885846,5,1.0
-77.02453896,-12.09268462,2020,San Isidro,HURTO,204170.0,-8574332.45561386,-1356258.3330002744,21,1.0
-77.028993,-12.09649508,2020,San Isidro,HURTO,143366.0,-8574828.277078634,-1356692.1406853201,15,1.0
-77.03457038,-12.0933438,2020,San Isidro,HURTO,54100.0,-8575449.148180196,-1356333.3779199964,-1,0.0
-77.01366307,-12.09769451,2020,San Isidro,HURTO,221010.0,-8573121.757077139,-1356828.6929196103,2,0.6672714323611284
-77.02961693,-12.09941633,2020,San Isidro,HURTO,24216.0,-8574897.732648525,-1357024.7190760153,-1,0.0
-77.02649072,-12.09530031,2020,San Isidro,HURTO,143383.0,-8574549.724543212,-1356556.1195899518,-1,0.0
-77.02321202,-12.0988331,2020,San Isidro,HURTO,175528.0,-8574184.741328748,-1356958.319232417,-1,0.0
-77.03493151,-12.09783471,2020,San Isidro,HURTO,102298.0,-8575489.348987905,-1356844.654393992,7,0.8823940799964104
-77.01366307,-12.09769451,2020,San Isidro,HURTO,102261.0,-8573121.757077139,-1356828.6929196103,2,0.6672714323611284
-77.02489051,-12.09466326,2020,San Isidro,HURTO,313298.0,-8574371.589980852,-1356483.593545643,20,0.3492685467215421
-77.02967542,-12.09192744,2020,San Isidro,HURTO,175537.0,-8574904.243725542,-1356172.131413692,16,1.0
-77.02966695,-12.09195842,2020,San Isidro,HURTO,190779.0,-8574903.300849456,-1356175.6583445768,16,1.0
-77.03150798,-12.09235747,2020,San Isidro,HURTO,102255.0,-8575108.24337159,-1356221.088393017,16,1.0
-77.02100149,-12.10160681,2020,San Isidro,HURTO,102278.0,-8573938.666254764,-1357274.1031683162,-1,0.0
-77.03201643,-12.09890901,2020,San Isidro,HURTO,313295.0,-8575164.843766684,-1356966.9614616313,12,0.8582343422568592
-77.03478236,-12.09228946,2020,San Isidro,HURTO,243191.0,-8575472.745685853,-1356213.345755486,14,1.0
-77.027615,-12.10282,2020,San Isidro,HURTO,143380.0,-8574674.87882032,-1357412.2245908806,6,1.0
-77.03306101,-12.09447773,2020,San Isidro,HURTO,143357.0,-8575281.125880377,-1356462.471598695,-1,0.0
-77.02453896,-12.09268462,2020,San Isidro,HURTO,221018.0,-8574332.45561386,-1356258.3330002744,21,1.0
-77.03015759,-12.09847021,2020,San Isidro,HURTO,102284.0,-8574957.918644417,-1356917.0048339867,12,0.7775628618211788
-77.01223402,-12.09986142,2020,San Isidro,HURTO,102272.0,-8572962.67595882,-1357075.3919893443,-1,0.0
-77.02468813,-12.09308244,2020,San Isidro,HURTO,24225.0,-8574349.061142303,-1356303.6231416243,22,1.0
-77.02289486,-12.09717855,2020,San Isidro,HURTO,175554.0,-8574149.435239049,-1356769.9520336296,18,1.0
-77.02730177,-12.10103222,2020,San Isidro,HURTO,221007.0,-8574640.01021622,-1357208.686438282,6,1.0
-77.0461892,-12.0951889,2020,San Isidro,HURTO,174051.0,-8576742.549306214,-1356543.4359159234,-1,0.0
-77.0322005,-12.0920806,2020,San Isidro,HURTO,24219.0,-8575185.334345354,-1356189.5679810776,16,1.0
-77.03324181,-12.09392092,2020,San Isidro,HURTO,143363.0,-8575301.252444312,-1356399.080799611,-1,0.0
-77.03597132,-12.10186891,2020,San Isidro,HURTO,268103.0,-8575605.100107627,-1357303.9431442702,-1,0.0
-77.03586614,-12.1012942,2020,San Isidro,HURTO,102287.0,-8575593.391523585,-1357238.5126881462,7,0.8375223868859911
-77.0390134,-12.0979705,2020,San Isidro,HURTO,175525.0,-8575943.742904179,-1356860.1138071525,-1,0.0
-77.02862927,-12.09709973,2020,San Isidro,HURTO,204173.0,-8574787.786840249,-1356760.978563822,15,0.6671454355495027
-77.0274813,-12.1021532,2020,San Isidro,HURTO,54097.0,-8574659.995404404,-1357336.3094755819,6,1.0
-77.03312434,-12.09707695,2020,San Isidro,HURTO,102264.0,-8575288.175743729,-1356758.3851154167,12,0.8257485952936078
-77.04047753,-12.0934122,2020,San Isidro,HURTO,220128.0,-8576106.729110235,-1356341.1649880079,13,1.0
-77.0335624,-12.092378,2020,San Isidro,HURTO,143386.0,-8575336.940359864,-1356223.4256430513,-1,0.0
-77.03501322,-12.0967494,2020,San Isidro,HURTO,175548.0,-8575498.444903499,-1356721.0943573436,7,0.7038808369649616
-77.02056659,-12.09945752,2020,San Isidro,HURTO,313301.0,-8573890.253408218,-1357029.4085000039,10,1.0
-77.02108586,-12.09838785,2020,San Isidro,HURTO,175540.0,-8573948.058280203,-1356907.62829834,10,1.0
-77.03570651,-12.09701352,2020,San Isidro,HURTO,102295.0,-8575575.621593269,-1356751.1637630938,7,0.7141907599136541
-77.05454789,-12.09626083,2020,San Isidro,HURTO,311678.0,-8577673.034420712,-1356665.4719550803,5,0.9820821669534723
-77.024553,-12.0930124,2020,San Isidro,HURTO,221024.0,-8574334.01853951,-1356295.6493759907,22,1.0
-77.02430345,-12.101685,2020,San Isidro,HURTO,268097.0,-8574306.238760585,-1357283.005064222,-1,0.0
-77.02647019,-12.09543967,2020,San Isidro,HURTO,175531.0,-8574547.439154066,-1356571.9852899911,-1,0.0
-77.04814867,-12.09746334,2020,San Isidro,HURTO,311672.0,-8576960.676508838,-1356802.3747208253,-1,0.0
-77.04809866,-12.09735994,2020,San Isidro,HURTO,175534.0,-8576955.109421102,-1356790.6028643928,-1,0.0
-77.0370613,-12.0981769,2020,San Isidro,HURTO,54089.0,-8575726.436126202,-1356883.6120391195,7,0.6587155953082161
-77.01936747,-12.09067444,2020,San Isidro,HURTO,102301.0,-8573756.76798042,-1356029.4834540586,3,1.0
-77.0287384,-12.0965496,2020,San Isidro,HURTO,143354.0,-8574799.935136277,-1356698.3476435181,15,1.0
-77.02677183,-12.09341795,2020,San Isidro,HURTO,143377.0,-8574581.017565269,-1356341.8196027342,-1,0.0
-77.03866084,-12.09348167,2020,San Isidro,HURTO,175551.0,-8575904.496104507,-1356349.0738733034,13,0.6143080086927052
-77.0483476,-12.0976912,2020,San Isidro,HURTO,22662.0,-8576982.821295142,-1356828.3160831903,-1,0.0
-77.04734265,-12.09457853,2020,San Isidro,HURTO,266786.0,-8576870.950772868,-1356473.9473272285,5,1.0
-77.03294605,-12.09663743,2020,San Isidro,HURTO,102281.0,-8575268.328591716,-1356708.346860019,12,0.680644705228412
-77.04345861,-12.09945762,2020,San Isidro,HURTO,52603.0,-8576438.58141785,-1357029.4198848656,-1,0.0
-77.04720253,-12.09637864,2020,San Isidro,HURTO,242057.0,-8576855.35268582,-1356678.8843026808,5,1.0
-77.04107958,-12.09421826,2020,San Isidro,HURTO,52609.0,-8576173.749009667,-1356432.9318638064,9,0.9534579350588608
-77.02544038,-12.09695049,2020,San Isidro,HURTO AGRAVADO,102313.0,-8574432.801229253,-1356743.987951504,19,1.0
-77.02519833,-12.10145513,2020,San Isidro,HURTO AGRAVADO,268106.0,-8574405.856346507,-1357256.8344767906,6,0.7342033001727308
-77.04362809,-12.09390587,2020,San Isidro,HURTO AGRAVADO,242064.0,-8576457.447845148,-1356397.3674135266,-1,0.0
-77.024553,-12.0930124,2020,San Isidro,HURTO AGRAVADO,54104.0,-8574334.01853951,-1356295.6493759907,22,1.0
-77.02544038,-12.09695049,2020,San Isidro,HURTO AGRAVADO,102319.0,-8574432.801229253,-1356743.987951504,19,1.0
-77.03197497,-12.0924521,2020,San Isidro,HURTO AGRAVADO,24237.0,-8575160.228460595,-1356231.8616030198,16,1.0
-77.01257504,-12.10169183,2020,San Isidro,HURTO AGRAVADO,204176.0,-8573000.63813157,-1357283.7826567355,2,0.6250179100866927
-77.02453896,-12.09268462,2020,San Isidro,HURTO AGRAVADO,143392.0,-8574332.45561386,-1356258.3330002744,21,1.0
-77.024868,-12.095716,2020,San Isidro,HURTO AGRAVADO,143398.0,-8574369.084179113,-1356603.4446205024,-1,0.0
-77.02647298,-12.09542082,2020,San Isidro,HURTO AGRAVADO,102316.0,-8574547.749735445,-1356569.8392759757,-1,0.0
-77.02544038,-12.09695049,2020,San Isidro,HURTO AGRAVADO,268109.0,-8574432.801229253,-1356743.987951504,19,1.0
-77.0475768,-12.0932173,2020,San Isidro,HURTO AGRAVADO,220132.0,-8576897.01623164,-1356318.9764032636,5,1.0
-77.02571803,-12.09535065,2020,San Isidro,HURTO AGRAVADO,102310.0,-8574463.70908587,-1356561.8506405195,-1,0.0
-77.02864466,-12.09775442,2020,San Isidro,HURTO AGRAVADO,243209.0,-8574789.50004721,-1356835.5135457632,15,0.3379964619935692
-77.0443777,-12.09393684,2020,San Isidro,HURTO AGRAVADO,141051.0,-8576540.89404864,-1356400.89323204,9,1.0
-77.04021143,-12.09368608,2020,San Isidro,HURTO AGRAVADO,52615.0,-8576077.106993735,-1356372.3451568962,13,1.0
-77.03284425,-12.09984563,2020,San Isidro,HURTO AGRAVADO,313316.0,-8575256.996267552,-1357073.5943170886,-1,0.0
-77.024868,-12.095716,2020,San Isidro,HURTO AGRAVADO,143395.0,-8574369.084179113,-1356603.4446205024,-1,0.0
-77.02746874,-12.10162981,2020,San Isidro,HURTO AGRAVADO,24243.0,-8574658.597231599,-1357276.721707576,6,1.0
-77.02500432,-12.09378756,2020,San Isidro,HURTO AGRAVADO,221031.0,-8574384.259252096,-1356383.8982668703,20,1.0
-77.03655984,-12.10010802,2020,San Isidro,HURTO AGRAVADO,143387.0,-8575670.613854349,-1357103.4671125691,7,1.0
-77.01700596,-12.09924041,2020,San Isidro,HURTO AGRAVADO,102311.0,-8573493.885889716,-1357004.6908377788,-1,0.0
-77.03537293,-12.0970942,2020,San Isidro,HURTO AGRAVADO,204174.0,-8575538.48763753,-1356760.348986555,7,0.7389010611109841
-77.02613491,-12.09654979,2020,San Isidro,HURTO AGRAVADO,268110.0,-8574510.115955193,-1356698.369274519,-1,0.0
-77.02453896,-12.09268462,2020,San Isidro,HURTO AGRAVADO,102317.0,-8574332.45561386,-1356258.3330002744,21,1.0
-77.03570651,-12.09701352,2020,San Isidro,HURTO AGRAVADO,174058.0,-8575575.621593269,-1356751.1637630938,7,0.7141907599136541
-77.05147261,-12.10032045,2020,San Isidro,HURTO AGRAVADO,293033.0,-8577330.695817066,-1357127.6520418006,-1,0.0
-77.02453896,-12.09268462,2020,San Isidro,HURTO AGRAVADO,54110.0,-8574332.45561386,-1356258.3330002744,21,1.0
-77.0475768,-12.0932173,2020,San Isidro,HURTO AGRAVADO,52616.0,-8576897.01623164,-1356318.9764032636,5,1.0
-77.02500432,-12.09378756,2020,San Isidro,HURTO AGRAVADO,143404.0,-8574384.259252096,-1356383.8982668703,20,1.0
-77.02571803,-12.09535065,2020,San Isidro,HURTO AGRAVADO,313325.0,-8574463.70908587,-1356561.8506405195,-1,0.0
-77.02544038,-12.09695049,2020,San Isidro,HURTO AGRAVADO,102314.0,-8574432.801229253,-1356743.987951504,19,1.0
-77.0308656,-12.0945836,2020,San Isidro,HURTO AGRAVADO,143390.0,-8575036.733957093,-1356474.524529166,-1,0.0
-77.02717165,-12.09622893,2020,San Isidro,HURTO AGRAVADO,24246.0,-8574625.525324078,-1356661.840227989,-1,0.0
-77.03586614,-12.1012942,2020,San Isidro,HURTO AGRAVADO,143407.0,-8575593.391523585,-1357238.5126881462,7,0.8375223868859911
-77.03076711,-12.09427446,2020,San Isidro,HURTO AGRAVADO,268107.0,-8575025.770100446,-1356439.3300311074,-1,0.0
-77.04830107,-12.09404523,2020,San Isidro,HURTO AGRAVADO,293036.0,-8576977.641599234,-1356413.2330308242,5,1.0
-77.02453896,-12.09268462,2020,San Isidro,HURTO AGRAVADO,221028.0,-8574332.45561386,-1356258.3330002744,21,1.0
-77.03198804,-12.091944,2020,San Isidro,HURTO AGRAVADO,54107.0,-8575161.68340634,-1356174.0166936757,16,1.0
-77.03083934,-12.09957275,2020,San Isidro,HURTO AGRAVADO,204177.0,-8575033.810707266,-1357042.5272784529,12,0.8022754597366655
-77.03529022,-12.09504081,2020,San Isidro,HURTO AGRAVADO,313314.0,-8575529.280402446,-1356526.5763487827,-1,0.0
-77.02108586,-12.09838785,2020,San Isidro,HURTO AGRAVADO,175561.0,-8573948.058280203,-1356907.62829834,10,1.0
-77.04596693,-12.09906148,2020,San Isidro,HURTO AGRAVADO,99753.0,-8576717.806322996,-1356984.319928909,-1,0.0
-77.04596693,-12.09906148,2020,San Isidro,HURTO AGRAVADO,220133.0,-8576717.806322996,-1356984.319928909,-1,0.0
-77.02544038,-12.09695049,2020,San Isidro,HURTO AGRAVADO,268108.0,-8574432.801229253,-1356743.987951504,19,1.0
-77.03066237,-12.1026773,2020,San Isidro,HURTO AGRAVADO,102309.0,-8575014.110496981,-1357395.9781937944,11,1.0
-77.02571803,-12.09535065,2020,San Isidro,HURTO AGRAVADO,24247.0,-8574463.70908587,-1356561.8506405195,-1,0.0
-77.02021551,-12.09526437,2020,San Isidro,HURTO AGRAVADO,54108.0,-8573851.17136139,-1356552.027934725,-1,0.0
-77.03471341,-12.09194139,2020,San Isidro,HURTO AGRAVADO,221029.0,-8575465.070206963,-1356173.7195571489,14,1.0
-77.0443777,-12.09393684,2020,San Isidro,HURTO AGRAVADO,141052.0,-8576540.89404864,-1356400.89323204,9,1.0
-77.0322005,-12.0920806,2020,San Isidro,HURTO AGRAVADO,102323.0,-8575185.334345354,-1356189.5679810776,16,1.0
-77.02500432,-12.09378756,2020,San Isidro,HURTO AGRAVADO,143402.0,-8574384.259252096,-1356383.8982668703,20,1.0
-77.04596693,-12.09906148,2020,San Isidro,HURTO AGRAVADO,242062.0,-8576717.806322996,-1356984.319928909,-1,0.0
-77.03674782,-12.10091162,2020,San Isidro,HURTO AGRAVADO,313323.0,-8575691.539692229,-1357194.9562178105,7,1.0
-77.03197497,-12.0924521,2020,San Isidro,HURTO AGRAVADO,175562.0,-8575160.228460595,-1356231.8616030198,16,1.0
-77.02519833,-12.10145513,2020,San Isidro,HURTO AGRAVADO,268105.0,-8574405.856346507,-1357256.8344767906,6,0.7342033001727308
-77.02289486,-12.09717855,2020,San Isidro,HURTO AGRAVADO,24244.0,-8574149.435239049,-1356769.9520336296,18,1.0
-77.02289486,-12.09717855,2020,San Isidro,HURTO AGRAVADO,102312.0,-8574149.435239049,-1356769.9520336296,18,1.0
-77.024553,-12.0930124,2020,San Isidro,HURTO AGRAVADO,243207.0,-8574334.01853951,-1356295.6493759907,22,1.0
-77.03459175,-12.09513788,2020,San Isidro,HURTO AGRAVADO,102306.0,-8575451.527077712,-1356537.627453018,-1,0.0
-77.0322005,-12.0920806,2020,San Isidro,HURTO AGRAVADO,143399.0,-8575185.334345354,-1356189.5679810776,16,1.0
-77.02544038,-12.09695049,2020,San Isidro,HURTO AGRAVADO,183694.0,-8574432.801229253,-1356743.987951504,19,1.0
-77.04967456,-12.0962329,2020,San Isidro,HURTO AGRAVADO,22670.0,-8577130.537806645,-1356662.2922015258,-1,0.0
-77.05266559,-12.09772897,2020,San Isidro,HURTO AGRAVADO,52617.0,-8577463.497743191,-1356832.6161171738,-1,0.0
-77.04140054,-12.09809154,2020,San Isidro,HURTO AGRAVADO,194500.0,-8576209.478113431,-1356873.8939696674,-1,0.0
-77.02963228,-12.10220745,2020,San Isidro,HURTO AGRAVADO,24238.0,-8574899.44140271,-1357342.485825739,11,0.7494451316934891
-77.024868,-12.095716,2020,San Isidro,HURTO AGRAVADO,143405.0,-8574369.084179113,-1356603.4446205024,-1,0.0
-77.02544038,-12.09695049,2020,San Isidro,HURTO AGRAVADO,102320.0,-8574432.801229253,-1356743.987951504,19,1.0
-77.02500432,-12.09378756,2020,San Isidro,HURTO AGRAVADO,143391.0,-8574384.259252096,-1356383.8982668703,20,1.0
-77.03080488,-12.09881333,2020,San Isidro,HURTO AGRAVADO,313320.0,-8575029.974637613,-1356956.06845069,12,0.8022754597366655
-77.0258152,-12.0927139,2020,San Isidro,HURTO AGRAVADO,175559.0,-8574474.52600079,-1356261.6664033832,17,0.8621125434366308
-77.03680411,-12.10146564,2020,San Isidro,HURTO AGRAVADO,24245.0,-8575697.805866364,-1357258.0310346768,7,1.0
-77.01436606,-12.09397933,2020,San Isidro,HURTO AGRAVADO,264095.0,-8573200.01356597,-1356405.730560074,-1,0.0
-77.02528739,-12.0999215,2020,San Isidro,HURTO AGRAVADO,102315.0,-8574415.770460356,-1357082.2320250897,6,0.6969838453052287
-77.024868,-12.095716,2020,San Isidro,HURTO AGRAVADO,24239.0,-8574369.084179113,-1356603.4446205024,-1,0.0
-77.01300849,-12.09904468,2020,San Isidro,HURTO AGRAVADO,102307.0,-8573048.889564855,-1356982.4072751137,2,0.6737914721779095
-77.03644088,-12.09911105,2020,San Isidro,HURTO AGRAVADO,243208.0,-8575657.371287724,-1356989.963396793,7,0.9042609460118489
-77.0502085,-12.09650569,2020,San Isidro,HURTO AGRAVADO,174060.0,-8577189.975735558,-1356693.3486057352,-1,0.0
-77.0258152,-12.0927139,2020,San Isidro,HURTO AGRAVADO,54106.0,-8574474.52600079,-1356261.6664033832,17,0.8621125434366308
-77.02997148,-12.09226645,2020,San Isidro,HURTO AGRAVADO,308624.0,-8574937.200973986,-1356210.72616926,16,1.0
-77.05329488,-12.09572827,2020,San Isidro,HURTO AGRAVADO,141050.0,-8577533.549985552,-1356604.841523457,-1,0.0
-77.01356069,-12.09786642,2020,San Isidro,HURTO AGRAVADO,143406.0,-8573110.36018767,-1356848.264511791,2,0.6482717408954318
-77.01909981,-12.09996783,2020,San Isidro,HURTO AGRAVADO,102321.0,-8573726.972205512,-1357087.506640921,-1,0.0
-77.024868,-12.095716,2020,San Isidro,HURTO AGRAVADO,313321.0,-8574369.084179113,-1356603.4446205024,-1,0.0
-77.02691461,-12.09249062,2020,San Isidro,HURTO AGRAVADO,294380.0,-8574596.911762165,-1356236.2469369797,17,0.9444414982266992
-77.02544038,-12.09695049,2020,San Isidro,HURTO AGRAVADO,175560.0,-8574432.801229253,-1356743.987951504,19,1.0
-77.03201307,-12.09703013,2020,San Isidro,HURTO AGRAVADO,102318.0,-8575164.469733194,-1356753.0547713176,12,1.0
-77.02544038,-12.09695049,2020,San Isidro,HURTO AGRAVADO,24242.0,-8574432.801229253,-1356743.987951504,19,1.0
-77.0379451,-12.09328163,2020,San Isidro,HURTO AGRAVADO,54103.0,-8575824.820292166,-1356326.3001144396,13,0.49417703373803407
-77.02123672,-12.1013607,2020,San Isidro,HURTO AGRAVADO,221030.0,-8573964.851938585,-1357246.0836738525,-1,0.0
-77.03269896,-12.09461476,2020,San Isidro,HURTO AGRAVADO,175557.0,-8575240.822658736,-1356478.071987461,-1,0.0
-77.01909981,-12.09996783,2020,San Isidro,HURTO AGRAVADO,143403.0,-8573726.972205512,-1357087.506640921,-1,0.0
-77.0475768,-12.0932173,2020,San Isidro,HURTO AGRAVADO,311689.0,-8576897.01623164,-1356318.9764032636,5,1.0
-77.03674782,-12.10091162,2020,San Isidro,HURTO AGRAVADO,294383.0,-8575691.539692229,-1357194.9562178105,7,1.0
-77.0244575,-12.0970493,2020,San Isidro,HURTO AGRAVADO,313318.0,-8574323.38752814,-1356755.2372294776,18,0.8269839974367874
-77.02868215,-12.09572207,2020,San Isidro,HURTO DE VEHICULO,143412.0,-8574793.67341492,-1356604.1356719155,15,0.4965340815112343
-77.05241146,-12.10003681,2020,San Isidro,HURTO DE VEHICULO,293041.0,-8577435.208120998,-1357095.3599342208,-1,0.0
-77.0314967,-12.0969344,2020,San Isidro,HURTO DE VEHICULO,175566.0,-8575106.987687733,-1356742.1561445643,12,1.0
-77.04722134,-12.09537891,2020,San Isidro,HURTO DE VEHICULO,31854.0,-8576857.44660544,-1356565.06795305,-1,0.0
-77.02187278,-12.09971884,2020,San Isidro,HURTO DE VEHICULO,143415.0,-8574035.657813897,-1357059.1594339707,-1,0.0
-77.02956966,-12.10144463,2020,San Isidro,HURTO DE VEHICULO,24254.0,-8574892.470576197,-1357255.639057448,-1,0.0
-77.03573681,-12.09707009,2020,San Isidro,HURTO DE VEHICULO,243217.0,-8575578.99457384,-1356757.6041209004,7,0.7472054773253808
-77.01468731,-12.10249307,2020,San Isidro,HURTO DE VEHICULO,204179.0,-8573235.774952387,-1357375.003618432,2,1.0
-77.02108586,-12.09838785,2020,San Isidro,HURTO DE VEHICULO,243218.0,-8573948.058280203,-1356907.62829834,10,1.0
-77.02196967,-12.09289054,2020,San Isidro,HURTO DE VEHICULO,204180.0,-8574046.443559362,-1356281.7761216878,8,0.14927147477959674
-77.03304284,-12.09626462,2020,San Isidro,HURTO DE VEHICULO,102331.0,-8575279.103205228,-1356665.903436165,-1,0.0
-77.0287384,-12.0965496,2020,San Isidro,HURTO DE VEHICULO,175567.0,-8574799.935136277,-1356698.3476435181,15,1.0
-77.02864152,-12.09702306,2020,San Isidro,HURTO DE VEHICULO,313328.0,-8574789.15050401,-1356752.2498689464,15,0.7712325907805929
-77.02767921,-12.10066974,2020,San Isidro,HURTO DE VEHICULO,24252.0,-8574682.026644826,-1357167.4183780488,6,0.8310686184094335
-77.02380832,-12.09642895,2020,San Isidro,HURTO DE VEHICULO,243215.0,-8574251.12114111,-1356684.6119609426,-1,0.0
-77.01489094,-12.10134859,2020,San Isidro,HURTO DE VEHICULO,54116.0,-8573258.442940298,-1357244.7049573683,2,1.0
-77.031894,-12.10250046,2020,San Isidro,HURTO DE VEHICULO,102328.0,-8575151.214921426,-1357375.844969247,11,0.9858855692115251
-77.03106678,-12.09663784,2020,San Isidro,HURTO DE VEHICULO,313329.0,-8575059.129212251,-1356708.3935374578,12,1.0
-77.02289486,-12.09717855,2020,San Isidro,HURTO DE VEHICULO,221035.0,-8574149.435239049,-1356769.9520336296,18,1.0
-77.05461011,-12.09739575,2020,San Isidro,HURTO DE VEHICULO,174062.0,-8577679.96071943,-1356794.679751487,5,1.0
-77.0384806,-12.10250929,2020,San Isidro,HURTO DE VEHICULO,250455.0,-8575884.431879485,-1357376.8502639597,-1,0.0
-77.01463323,-12.1023971,2020,San Isidro,HURTO DE VEHICULO,102329.0,-8573229.754794326,-1357364.0774449413,2,1.0
-77.03616873,-12.09951551,2020,San Isidro,HURTO DE VEHICULO,102332.0,-8575627.075688304,-1357036.010581759,7,0.8138345886268932
-77.0287384,-12.0965496,2020,San Isidro,HURTO DE VEHICULO,243214.0,-8574799.935136277,-1356698.3476435181,15,1.0
-77.02868215,-12.09572207,2020,San Isidro,HURTO DE VEHICULO,24253.0,-8574793.67341492,-1356604.1356719155,15,0.4965340815112343
-77.03189321,-12.10282292,2020,San Isidro,HURTO DE VEHICULO,24256.0,-8575151.126979029,-1357412.5570330129,11,0.8612006106897118
-77.01277472,-12.09479857,2020,San Isidro,HURTO DE VEHICULO,102327.0,-8573022.866407491,-1356498.9981290312,-1,0.0
-77.01468731,-12.10249307,2020,San Isidro,HURTO DE VEHICULO,143417.0,-8573235.774952387,-1357375.003618432,2,1.0
-77.03592947,-12.09956825,2020,San Isidro,HURTO DE VEHICULO,268117.0,-8575600.441386938,-1357042.0149594788,7,0.8938247598821932
-77.0310806,-12.09704401,2020,San Isidro,HURTO AGRAVADO EN CASA HABITADA,175564.0,-8575060.667647615,-1356754.6349757493,12,1.0
