cid,lat,lng,district
0,-12.16,-77.03,Barranco
1,-12.16,-77.0292628,Barranco
2,-12.16,-77.0285256,Barranco
3,-12.16,-77.0277883,Barranco
4,-12.16,-77.0270511,Barranco
5,-12.16,-77.0263139,Barranco
6,-12.16,-77.0255767,Barranco
7,-12.16,-77.0248395,Barranco
8,-12.16,-77.0241022,Barranco
9,-12.16,-77.023365,Barranco
10,-12.16,-77.0226278,Barranco
11,-12.16,-77.0218906,Barranco
12,-12.16,-77.0211533,Barranco
13,-12.16,-77.0204161,Barranco
14,-12.16,-77.0196789,Barranco
15,-12.16,-77.0189417,Barranco
16,-12.16,-77.0182045,Barranco
17,-12.16,-77.0174672,Barranco
18,-12.16,-77.01673,Barranco
19,-12.16,-77.0159928,Barranco
20,-12.16,-77.0152556,Barranco
21,-12.16,-77.0145184,Barranco
22,-12.16,-77.0137811,Barranco
23,-12.16,-77.0130439,Barranco
24,-12.16,-77.0123067,Barranco
25,-12.16,-77.0115695,Barranco
26,-12.16,-77.0108323,Barranco
27,-12.16,-77.010095,Barranco
28,-12.16,-77.0093578,Barranco
29,-12.16,-77.0086206,Barranco
30,-12.16,-77.0078834,Barranco
31,-12.16,-77.0071461,Barranco
32,-12.16,-77.0064089,Barranco
33,-12.16,-77.0056717,Barranco
34,-12.16,-77.0049345,Barranco
35,-12.16,-77.0041973,Barranco
36,-12.16,-77.00346,Barranco
37,-12.16,-77.0027228,Barranco
38,-12.16,-77.0019856,Barranco
39,-12.16,-77.0012484,Barranco
40,-12.16,-77.0005112,Barranco
41,-12.1592793,-77.03,Barranco
42,-12.1592793,-77.0292628,Barranco
43,-12.1592793,-77.0285256,Barranco
44,-12.1592793,-77.0277883,Barranco
45,-12.1592793,-77.0270511,Barranco
46,-12.1592793,-77.0263139,Barranco
47,-12.1592793,-77.0255767,Barranco
48,-12.1592793,-77.0248395,Barranco
49,-12.1592793,-77.0241022,Barranco
50,-12.1592793,-77.023365,Barranco
51,-12.1592793,-77.0226278,Barranco
52,-12.1592793,-77.0218906,Barranco
53,-12.1592793,-77.0211533,Barranco
54,-12.1592793,-77.0204161,Barranco
55,-12.1592793,-77.0196789,Barranco
56,-12.1592793,-77.0189417,Barranco
57,-12.1592793,-77.0182045,Barranco
58,-12.1592793,-77.0174672,Barranco
59,-12.1592793,-77.01673,Barranco
60,-12.1592793,-77.0159928,Barranco
61,-12.1592793,-77.0152556,Barranco
62,-12.1592793,-77.0145184,Barranco
63,-12.1592793,-77.0137811,Barranco
64,-12.1592793,-77.0130439,Barranco
65,-12.1592793,-77.0123067,Barranco
66,-12.1592793,-77.0115695,Barranco
67,-12.1592793,-77.0108323,Barranco
68,-12.1592793,-77.010095,Barranco
69,-12.1592793,-77.0093578,Barranco
70,-12.1592793,-77.0086206,Barranco
71,-12.1592793,-77.0078834,Barranco
72,-12.1592793,-77.0071461,Barranco
73,-12.1592793,-77.0064089,Barranco
74,-12.1592793,-77.0056717,Barranco
75,-12.1592793,-77.0049345,Barranco
76,-12.1592793,-77.0041973,Barranco
77,-12.1592793,-77.00346,Barranco
78,-12.1592793,-77.0027228,Barranco
79,-12.1592793,-77.0019856,Barranco
80,-12.1592793,-77.0012484,Barranco
81,-12.1592793,-77.0005112,Barranco
82,-12.1585586,-77.03,Barranco
83,-12.1585586,-77.0292628,Barranco
84,-12.1585586,-77.0285256,Barranco
85,-12.1585586,-77.0277883,Barranco
86,-12.1585586,-77.0270511,Barranco
87,-12.1585586,-77.0263139,Barranco
88,-12.1585586,-77.0255767,Barranco
89,-12.1585586,-77.0248395,Barranco
90,-12.1585586,-77.0241022,Barranco
91,-12.1585586,-77.023365,Barranco
92,-12.1585586,-77.0226278,Barranco
93,-12.1585586,-77.0218906,Barranco
94,-12.1585586,-77.0211533,Barranco
95,-12.1585586,-77.0204161,Barranco
96,-12.1585586,-77.0196789,Barranco
97,-12.1585586,-77.0189417,Barranco
98,-12.1585586,-77.0182045,Barranco
99,-12.1585586,-77.0174672,Barranco
100,-12.1585586,-77.01673,Barranco
101,-12.1585586,-77.0159928,Barranco
102,-12.1585586,-77.0152556,Barranco
103,-12.1585586,-77.0145184,Barranco
104,-12.1585586,-77.0137811,Barranco
105,-12.1585586,-77.0130439,Barranco
106,-12.1585586,-77.0123067,Barranco
107,-12.1585586,-77.0115695,Barranco
108,-12.1585586,-77.0108323,Barranco
109,-12.1585586,-77.010095,Barranco
110,-12.1585586,-77.0093578,Barranco
111,-12.1585586,-77.0086206,Barranco
112,-12.1585586,-77.0078834,Barranco
113,-12.1585586,-77.0071461,Barranco
114,-12.1585586,-77.0064089,Barranco
115,-12.1585586,-77.0056717,Barranco
116,-12.1585586,-77.0049345,Barranco
117,-12.1585586,-77.0041973,Barranco
118,-12.1585586,-77.00346,Barranco
119,-12.1585586,-77.0027228,Barranco
120,-12.1585586,-77.0019856,Barranco
121,-12.1585586,-77.0012484,Barranco
122,-12.1585586,-77.0005112,Barranco
123,-12.1578378,-77.03,Barranco
124,-12.1578378,-77.0292628,Barranco
125,-12.1578378,-77.0285256,Barranco
126,-12.1578378,-77.0277883,Barranco
127,-12.1578378,-77.0270511,Barranco
128,-12.1578378,-77.0263139,Barranco
129,-12.1578378,-77.0255767,Barranco
130,-12.1578378,-77.0248395,Barranco
131,-12.1578378,-77.0241022,Barranco
132,-12.1578378,-77.023365,Barranco
133,-12.1578378,-77.0226278,Barranco
134,-12.1578378,-77.0218906,Barranco
135,-12.1578378,-77.0211533,Barranco
136,-12.1578378,-77.0204161,Barranco
137,-12.1578378,-77.0196789,Barranco
138,-12.1578378,-77.0189417,Barranco
139,-12.1578378,-77.0182045,Barranco
140,-12.1578378,-77.0174672,Barranco
141,-12.1578378,-77.01673,Barranco
142,-12.1578378,-77.0159928,Barranco
143,-12.1578378,-77.0152556,Barranco
144,-12.1578378,-77.0145184,Barranco
145,-12.1578378,-77.0137811,Barranco
146,-12.1578378,-77.0130439,Barranco
147,-12.1578378,-77.0123067,Barranco
148,-12.1578378,-77.0115695,Barranco
149,-12.1578378,-77.0108323,Barranco
150,-12.1578378,-77.010095,Barranco
151,-12.1578378,-77.0093578,Barranco
152,-12.1578378,-77.0086206,Barranco
153,-12.1578378,-77.0078834,Barranco
154,-12.1578378,-77.0071461,Barranco
155,-12.1578378,-77.0064089,Barranco
156,-12.1578378,-77.0056717,Barranco
157,-12.1578378,-77.0049345,Barranco
158,-12.1578378,-77.0041973,Barranco
159,-12.1578378,-77.00346,Barranco
160,-12.1578378,-77.0027228,Barranco
161,-12.1578378,-77.0019856,Barranco
162,-12.1578378,-77.0012484,Barranco
163,-12.1578378,-77.0005112,Barranco
164,-12.1571171,-77.03,Barranco
165,-12.1571171,-77.0292628,Barranco
166,-12.1571171,-77.0285256,Barranco
167,-12.1571171,-77.0277883,Barranco
168,-12.1571171,-77.0270511,Barranco
169,-12.1571171,-77.0263139,Barranco
170,-12.1571171,-77.0255767,Barranco
171,-12.1571171,-77.0248395,Barranco
172,-12.1571171,-77.0241022,Barranco
173,-12.1571171,-77.023365,Barranco
174,-12.1571171,-77.0226278,Barranco
175,-12.1571171,-77.0218906,Barranco
176,-12.1571171,-77.0211533,Barranco
177,-12.1571171,-77.0204161,Barranco
178,-12.1571171,-77.0196789,Barranco
179,-12.1571171,-77.0189417,Barranco
180,-12.1571171,-77.0182045,Barranco
181,-12.1571171,-77.0174672,Barranco
182,-12.1571171,-77.01673,Barranco
183,-12.1571171,-77.0159928,Barranco
184,-12.1571171,-77.0152556,Barranco
185,-12.1571171,-77.0145184,Barranco
186,-12.1571171,-77.0137811,Barranco
187,-12.1571171,-77.0130439,Barranco
188,-12.1571171,-77.0123067,Barranco
189,-12.1571171,-77.0115695,Barranco
190,-12.1571171,-77.0108323,Barranco
191,-12.1571171,-77.010095,Barranco
192,-12.1571171,-77.0093578,Barranco
193,-12.1571171,-77.0086206,Barranco
194,-12.1571171,-77.0078834,Barranco
195,-12.1571171,-77.0071461,Barranco
196,-12.1571171,-77.0064089,Barranco
197,-12.1571171,-77.0056717,Barranco
198,-12.1571171,-77.0049345,Barranco
199,-12.1571171,-77.0041973,Barranco
200,-12.1571171,-77.00346,Barranco
201,-12.1571171,-77.0027228,Barranco
202,-12.1571171,-77.0019856,Barranco
203,-12.1571171,-77.0012484,Barranco
204,-12.1571171,-77.0005112,Barranco
205,-12.1563964,-77.03,Barranco
206,-12.1563964,-77.0292628,Barranco
207,-12.1563964,-77.0285256,Barranco
208,-12.1563964,-77.0277883,Barranco
209,-12.1563964,-77.0270511,Barranco
210,-12.1563964,-77.0263139,Barranco
211,-12.1563964,-77.0255767,Barranco
212,-12.1563964,-77.0248395,Barranco
213,-12.1563964,-77.0241022,Barranco
214,-12.1563964,-77.023365,Barranco
215,-12.1563964,-77.0226278,Barranco
216,-12.1563964,-77.0218906,Barranco
217,-12.1563964,-77.0211533,Barranco
218,-12.1563964,-77.0204161,Barranco
219,-12.1563964,-77.0196789,Barranco
220,-12.1563964,-77.0189417,Barranco
221,-12.1563964,-77.0182045,Barranco
222,-12.1563964,-77.0174672,Barranco
223,-12.1563964,-77.01673,Barranco
224,-12.1563964,-77.0159928,Barranco
225,-12.1563964,-77.0152556,Barranco
226,-12.1563964,-77.0145184,Barranco
227,-12.1563964,-77.0137811,Barranco
228,-12.1563964,-77.0130439,Barranco
229,-12.1563964,-77.0123067,Barranco
230,-12.1563964,-77.0115695,Barranco
231,-12.1563964,-77.0108323,Barranco
232,-12.1563964,-77.010095,Barranco
233,-12.1563964,-77.0093578,Barranco
234,-12.1563964,-77.0086206,Barranco
235,-12.1563964,-77.0078834,Barranco
236,-12.1563964,-77.0071461,Barranco
237,-12.1563964,-77.0064089,Barranco
238,-12.1563964,-77.0056717,Barranco
239,-12.1563964,-77.0049345,Barranco
240,-12.1563964,-77.0041973,Barranco
241,-12.1563964,-77.00346,Barranco
242,-12.1563964,-77.0027228,Barranco
243,-12.1563964,-77.0019856,Barranco
244,-12.1563964,-77.0012484,Barranco
245,-12.1563964,-77.0005112,Barranco
246,-12.1556757,-77.03,Barranco
247,-12.1556757,-77.0292628,Barranco
248,-12.1556757,-77.0285256,Barranco
249,-12.1556757,-77.0277883,Barranco
250,-12.1556757,-77.0270511,Barranco
251,-12.1556757,-77.0263139,Barranco
252,-12.1556757,-77.0255767,Barranco
253,-12.1556757,-77.0248395,Barranco
254,-12.1556757,-77.0241022,Barranco
255,-12.1556757,-77.023365,Barranco
256,-12.1556757,-77.0226278,Barranco
257,-12.1556757,-77.0218906,Barranco
258,-12.1556757,-77.0211533,Barranco
259,-12.1556757,-77.0204161,Barranco
260,-12.1556757,-77.0196789,Barranco
261,-12.1556757,-77.0189417,Barranco
262,-12.1556757,-77.0182045,Barranco
263,-12.1556757,-77.0174672,Barranco
264,-12.1556757,-77.01673,Barranco
265,-12.1556757,-77.0159928,Barranco
266,-12.1556757,-77.0152556,Barranco
267,-12.1556757,-77.0145184,Barranco
268,-12.1556757,-77.0137811,Barranco
269,-12.1556757,-77.0130439,Barranco
270,-12.1556757,-77.0123067,Barranco
271,-12.1556757,-77.0115695,Barranco
272,-12.1556757,-77.0108323,Barranco
273,-12.1556757,-77.010095,Barranco
274,-12.1556757,-77.0093578,Barranco
275,-12.1556757,-77.0086206,Barranco
276,-12.1556757,-77.0078834,Barranco
277,-12.1556757,-77.0071461,Barranco
278,-12.1556757,-77.0064089,Barranco
279,-12.1556757,-77.0056717,Barranco
280,-12.1556757,-77.0049345,Barranco
281,-12.1556757,-77.0041973,Barranco
282,-12.1556757,-77.00346,Barranco
283,-12.1556757,-77.0027228,Barranco
284,-12.1556757,-77.0019856,Barranco
285,-12.1556757,-77.0012484,Barranco
286,-12.1556757,-77.0005112,Barranco
287,-12.154955,-77.03,Barranco
288,-12.154955,-77.0292628,Barranco
289,-12.154955,-77.0285256,Barranco
290,-12.154955,-77.0277883,Barranco
291,-12.154955,-77.0270511,Barranco
292,-12.154955,-77.0263139,Barranco
293,-12.154955,-77.0255767,Barranco
294,-12.154955,-77.0248395,Barranco
295,-12.154955,-77.0241022,Barranco
296,-12.154955,-77.023365,Barranco
297,-12.154955,-77.0226278,Barranco
298,-12.154955,-77.0218906,Barranco
299,-12.154955,-77.0211533,Barranco
300,-12.154955,-77.0204161,Barranco
301,-12.154955,-77.0196789,Barranco
302,-12.154955,-77.0189417,Barranco
303,-12.154955,-77.0182045,Barranco
304,-12.154955,-77.0174672,Barranco
305,-12.154955,-77.01673,Barranco
306,-12.154955,-77.0159928,Barranco
307,-12.154955,-77.0152556,Barranco
308,-12.154955,-77.0145184,Barranco
309,-12.154955,-77.0137811,Barranco
310,-12.154955,-77.0130439,Barranco
311,-12.154955,-77.0123067,Barranco
312,-12.154955,-77.0115695,Barranco
313,-12.154955,-77.0108323,Barranco
314,-12.154955,-77.010095,Barranco
315,-12.154955,-77.0093578,Barranco
316,-12.154955,-77.0086206,Barranco
317,-12.154955,-77.0078834,Barranco
318,-12.154955,-77.0071461,Barranco
319,-12.154955,-77.0064089,Barranco
320,-12.154955,-77.0056717,Barranco
321,-12.154955,-77.0049345,Barranco
322,-12.154955,-77.0041973,Barranco
323,-12.154955,-77.00346,Barranco
324,-12.154955,-77.0027228,Barranco
325,-12.154955,-77.0019856,Barranco
326,-12.154955,-77.0012484,Barranco
327,-12.154955,-77.0005112,Barranco
328,-12.1542342,-77.03,Barranco
329,-12.1542342,-77.0292628,Barranco
330,-12.1542342,-77.0285256,Barranco
331,-12.1542342,-77.0277883,Barranco
332,-12.1542342,-77.0270511,Barranco
333,-12.1542342,-77.0263139,Barranco
334,-12.1542342,-77.0255767,Barranco
335,-12.1542342,-77.0248395,Barranco
336,-12.1542342,-77.0241022,Barranco
337,-12.1542342,-77.023365,Barranco
338,-12.1542342,-77.0226278,Barranco
339,-12.1542342,-77.0218906,Barranco
340,-12.1542342,-77.0211533,Barranco
341,-12.1542342,-77.0204161,Barranco
342,-12.1542342,-77.0196789,Barranco
343,-12.1542342,-77.0189417,Barranco
344,-12.1542342,-77.0182045,Barranco
345,-12.1542342,-77.0174672,Barranco
346,-12.1542342,-77.01673,Barranco
347,-12.1542342,-77.0159928,Barranco
348,-12.1542342,-77.0152556,Barranco
349,-12.1542342,-77.0145184,Barranco
350,-12.1542342,-77.0137811,Barranco
351,-12.1542342,-77.0130439,Barranco
352,-12.1542342,-77.0123067,Barranco
353,-12.1542342,-77.0115695,Barranco
354,-12.1542342,-77.0108323,Barranco
355,-12.1542342,-77.010095,Barranco
356,-12.1542342,-77.0093578,Barranco
357,-12.1542342,-77.0086206,Barranco
358,-12.1542342,-77.0078834,Barranco
359,-12.1542342,-77.0071461,Barranco
360,-12.1542342,-77.0064089,Barranco
361,-12.1542342,-77.0056717,Barranco
362,-12.1542342,-77.0049345,Barranco
363,-12.1542342,-77.0041973,Barranco
364,-12.1542342,-77.00346,Barranco
365,-12.1542342,-77.0027228,Barranco
366,-12.1542342,-77.0019856,Barranco
367,-12.1542342,-77.0012484,Barranco
368,-12.1542342,-77.0005112,Barranco
369,-12.1535135,-77.03,Barranco
370,-12.1535135,-77.0292628,Barranco
371,-12.1535135,-77.0285256,Barranco
372,-12.1535135,-77.0277883,Barranco
373,-12.1535135,-77.0270511,Barranco
374,-12.1535135,-77.0263139,Barranco
375,-12.1535135,-77.0255767,Barranco
376,-12.1535135,-77.0248395,Barranco
377,-12.1535135,-77.0241022,Barranco
378,-12.1535135,-77.023365,Barranco
379,-12.1535135,-77.0226278,Barranco
380,-12.1535135,-77.0218906,Barranco
381,-12.1535135,-77.0211533,Barranco
382,-12.1535135,-77.0204161,Barranco
383,-12.1535135,-77.0196789,Barranco
384,-12.1535135,-77.0189417,Barranco
385,-12.1535135,-77.0182045,Barranco
386,-12.1535135,-77.0174672,Barranco
387,-12.1535135,-77.01673,Barranco
388,-12.1535135,-77.0159928,Barranco
389,-12.1535135,-77.0152556,Barranco
390,-12.1535135,-77.0145184,Barranco
391,-12.1535135,-77.0137811,Barranco
392,-12.1535135,-77.0130439,Barranco
393,-12.1535135,-77.0123067,Barranco
394,-12.1535135,-77.0115695,Barranco
395,-12.1535135,-77.0108323,Barranco
396,-12.1535135,-77.010095,Barranco
397,-12.1535135,-77.0093578,Barranco
398,-12.1535135,-77.0086206,Barranco
399,-12.1535135,-77.0078834,Barranco
400,-12.1535135,-77.0071461,Barranco
401,-12.1535135,-77.0064089,Barranco
402,-12.1535135,-77.0056717,Barranco
403,-12.1535135,-77.0049345,Barranco
404,-12.1535135,-77.0041973,Barranco
405,-12.1535135,-77.00346,Barranco
406,-12.1535135,-77.0027228,Barranco
407,-12.1535135,-77.0019856,Barranco
408,-12.1535135,-77.0012484,Barranco
409,-12.1535135,-77.0005112,Barranco
410,-12.1527928,-77.03,Barranco
411,-12.1527928,-77.0292628,Barranco
412,-12.1527928,-77.0285256,Barranco
413,-12.1527928,-77.0277883,Barranco
414,-12.1527928,-77.0270511,Barranco
415,-12.1527928,-77.0263139,Barranco
416,-12.1527928,-77.0255767,Barranco
417,-12.1527928,-77.0248395,Barranco
418,-12.1527928,-77.0241022,Barranco
419,-12.1527928,-77.023365,Barranco
420,-12.1527928,-77.0226278,Barranco
421,-12.1527928,-77.0218906,Barranco
422,-12.1527928,-77.0211533,Barranco
423,-12.1527928,-77.0204161,Barranco
424,-12.1527928,-77.0196789,Barranco
425,-12.1527928,-77.0189417,Barranco
426,-12.1527928,-77.0182045,Barranco
427,-12.1527928,-77.0174672,Barranco
428,-12.1527928,-77.01673,Barranco
429,-12.1527928,-77.0159928,Barranco
430,-12.1527928,-77.0152556,Barranco
431,-12.1527928,-77.0145184,Barranco
432,-12.1527928,-77.0137811,Barranco
433,-12.1527928,-77.0130439,Barranco
434,-12.1527928,-77.0123067,Barranco
435,-12.1527928,-77.0115695,Barranco
436,-12.1527928,-77.0108323,Barranco
437,-12.1527928,-77.010095,Barranco
438,-12.1527928,-77.0093578,Barranco
439,-12.1527928,-77.0086206,Barranco
440,-12.1527928,-77.0078834,Barranco
441,-12.1527928,-77.0071461,Barranco
442,-12.1527928,-77.0064089,Barranco
443,-12.1527928,-77.0056717,Barranco
444,-12.1527928,-77.0049345,Barranco
445,-12.1527928,-77.0041973,Barranco
446,-12.1527928,-77.00346,Barranco
447,-12.1527928,-77.0027228,Barranco
448,-12.1527928,-77.0019856,Barranco
449,-12.1527928,-77.0012484,Barranco
450,-12.1527928,-77.0005112,Barranco
451,-12.1520721,-77.03,Barranco
452,-12.1520721,-77.0292628,Barranco
453,-12.1520721,-77.0285256,Barranco
454,-12.1520721,-77.0277883,Barranco
455,-12.1520721,-77.0270511,Barranco
456,-12.1520721,-77.0263139,Barranco
457,-12.1520721,-77.0255767,Barranco
458,-12.1520721,-77.0248395,Barranco
459,-12.1520721,-77.0241022,Barranco
460,-12.1520721,-77.023365,Barranco
461,-12.1520721,-77.0226278,Barranco
462,-12.1520721,-77.0218906,Barranco
463,-12.1520721,-77.0211533,Barranco
464,-12.1520721,-77.0204161,Barranco
465,-12.1520721,-77.0196789,Barranco
466,-12.1520721,-77.0189417,Barranco
467,-12.1520721,-77.0182045,Barranco
468,-12.1520721,-77.0174672,Barranco
469,-12.1520721,-77.01673,Barranco
470,-12.1520721,-77.0159928,Barranco
471,-12.1520721,-77.0152556,Barranco
472,-12.1520721,-77.0145184,Barranco
473,-12.1520721,-77.0137811,Barranco
474,-12.1520721,-77.0130439,Barranco
475,-12.1520721,-77.0123067,Barranco
476,-12.1520721,-77.0115695,Barranco
477,-12.1520721,-77.0108323,Barranco
478,-12.1520721,-77.010095,Barranco
479,-12.1520721,-77.0093578,Barranco
480,-12.1520721,-77.0086206,Barranco
481,-12.1520721,-77.0078834,Barranco
482,-12.1520721,-77.0071461,Barranco
483,-12.1520721,-77.0064089,Barranco
484,-12.1520721,-77.0056717,Barranco
485,-12.1520721,-77.0049345,Barranco
486,-12.1520721,-77.0041973,Barranco
487,-12.1520721,-77.00346,Barranco
488,-12.1520721,-77.0027228,Barranco
489,-12.1520721,-77.0019856,Barranco
490,-12.1520721,-77.0012484,Barranco
491,-12.1520721,-77.0005112,Barranco
492,-12.1513514,-77.03,Barranco
493,-12.1513514,-77.0292628,Barranco
494,-12.1513514,-77.0285256,Barranco
495,-12.1513514,-77.0277883,Barranco
496,-12.1513514,-77.0270511,Barranco
497,-12.1513514,-77.0263139,Barranco
498,-12.1513514,-77.0255767,Barranco
499,-12.1513514,-77.0248395,Barranco
500,-12.1513514,-77.0241022,Barranco
501,-12.1513514,-77.023365,Barranco
502,-12.1513514,-77.0226278,Barranco
503,-12.1513514,-77.0218906,Barranco
504,-12.1513514,-77.0211533,Barranco
505,-12.1513514,-77.0204161,Barranco
506,-12.1513514,-77.0196789,Barranco
507,-12.1513514,-77.0189417,Barranco
508,-12.1513514,-77.0182045,Barranco
509,-12.1513514,-77.0174672,Barranco
510,-12.1513514,-77.01673,Barranco
511,-12.1513514,-77.0159928,Barranco
512,-12.1513514,-77.0152556,Barranco
513,-12.1513514,-77.0145184,Barranco
514,-12.1513514,-77.0137811,Barranco
515,-12.1513514,-77.0130439,Barranco
516,-12.1513514,-77.0123067,Barranco
517,-12.1513514,-77.0115695,Barranco
518,-12.1513514,-77.0108323,Barranco
519,-12.1513514,-77.010095,Barranco
520,-12.1513514,-77.0093578,Barranco
521,-12.1513514,-77.0086206,Barranco
522,-12.1513514,-77.0078834,Barranco
523,-12.1513514,-77.0071461,Barranco
524,-12.1513514,-77.0064089,Barranco
525,-12.1513514,-77.0056717,Barranco
526,-12.1513514,-77.0049345,Barranco
527,-12.1513514,-77.0041973,Barranco
528,-12.1513514,-77.00346,Barranco
529,-12.1513514,-77.0027228,Barranco
530,-12.1513514,-77.0019856,Barranco
531,-12.1513514,-77.0012484,Barranco
532,-12.1513514,-77.0005112,Barranco
533,-12.1506306,-77.03,Barranco
534,-12.1506306,-77.0292628,Barranco
535,-12.1506306,-77.0285256,Barranco
536,-12.1506306,-77.0277883,Barranco
537,-12.1506306,-77.0270511,Barranco
538,-12.1506306,-77.0263139,Barranco
539,-12.1506306,-77.0255767,Barranco
540,-12.1506306,-77.0248395,Barranco
541,-12.1506306,-77.0241022,Barranco
542,-12.1506306,-77.023365,Barranco
543,-12.1506306,-77.0226278,Barranco
544,-12.1506306,-77.0218906,Barranco
545,-12.1506306,-77.0211533,Barranco
546,-12.1506306,-77.0204161,Barranco
547,-12.1506306,-77.0196789,Barranco
548,-12.1506306,-77.0189417,Barranco
549,-12.1506306,-77.0182045,Barranco
550,-12.1506306,-77.0174672,Barranco
551,-12.1506306,-77.01673,Barranco
552,-12.1506306,-77.0159928,Barranco
553,-12.1506306,-77.0152556,Barranco
554,-12.1506306,-77.0145184,Barranco
555,-12.1506306,-77.0137811,Barranco
556,-12.1506306,-77.0130439,Barranco
557,-12.1506306,-77.0123067,Barranco
558,-12.1506306,-77.0115695,Barranco
559,-12.1506306,-77.0108323,Barranco
560,-12.1506306,-77.010095,Barranco
561,-12.1506306,-77.0093578,Barranco
562,-12.1506306,-77.0086206,Barranco
563,-12.1506306,-77.0078834,Barranco
564,-12.1506306,-77.0071461,Barranco
565,-12.1506306,-77.0064089,Barranco
566,-12.1506306,-77.0056717,Barranco
567,-12.1506306,-77.0049345,Barranco
568,-12.1506306,-77.0041973,Barranco
569,-12.1506306,-77.00346,Barranco
570,-12.1506306,-77.0027228,Barranco
571,-12.1506306,-77.0019856,Barranco
572,-12.1506306,-77.0012484,Barranco
573,-12.1506306,-77.0005112,Barranco
574,-12.1499099,-77.03,Barranco
575,-12.1499099,-77.0292628,Barranco
576,-12.1499099,-77.0285256,Barranco
577,-12.1499099,-77.0277883,Barranco
578,-12.1499099,-77.0270511,Barranco
579,-12.1499099,-77.0263139,Barranco
580,-12.1499099,-77.0255767,Barranco
581,-12.1499099,-77.0248395,Barranco
582,-12.1499099,-77.0241022,Barranco
583,-12.1499099,-77.023365,Barranco
584,-12.1499099,-77.0226278,Barranco
585,-12.1499099,-77.0218906,Barranco
586,-12.1499099,-77.0211533,Barranco
587,-12.1499099,-77.0204161,Barranco
588,-12.1499099,-77.0196789,Barranco
589,-12.1499099,-77.0189417,Barranco
590,-12.1499099,-77.0182045,Barranco
591,-12.1499099,-77.0174672,Barranco
592,-12.1499099,-77.01673,Barranco
593,-12.1499099,-77.0159928,Barranco
594,-12.1499099,-77.0152556,Barranco
595,-12.1499099,-77.0145184,Barranco
596,-12.1499099,-77.0137811,Barranco
597,-12.1499099,-77.0130439,Barranco
598,-12.1499099,-77.0123067,Barranco
599,-12.1499099,-77.0115695,Barranco
600,-12.1499099,-77.0108323,Barranco
601,-12.1499099,-77.010095,Barranco
602,-12.1499099,-77.0093578,Barranco
603,-12.1499099,-77.0086206,Barranco
604,-12.1499099,-77.0078834,Barranco
605,-12.1499099,-77.0071461,Barranco
606,-12.1499099,-77.0064089,Barranco
607,-12.1499099,-77.0056717,Barranco
608,-12.1499099,-77.0049345,Barranco
609,-12.1499099,-77.0041973,Barranco
610,-12.1499099,-77.00346,Barranco
611,-12.1499099,-77.0027228,Barranco
612,-12.1499099,-77.0019856,Barranco
613,-12.1499099,-77.0012484,Barranco
614,-12.1499099,-77.0005112,Barranco
615,-12.1491892,-77.03,Barranco
616,-12.1491892,-77.0292628,Barranco
617,-12.1491892,-77.0285256,Barranco
618,-12.1491892,-77.0277883,Barranco
619,-12.1491892,-77.0270511,Barranco
620,-12.1491892,-77.0263139,Barranco
621,-12.1491892,-77.0255767,Barranco
622,-12.1491892,-77.0248395,Barranco
623,-12.1491892,-77.0241022,Barranco
624,-12.1491892,-77.023365,Barranco
625,-12.1491892,-77.0226278,Barranco
626,-12.1491892,-77.0218906,Barranco
627,-12.1491892,-77.0211533,Barranco
628,-12.1491892,-77.0204161,Barranco
629,-12.1491892,-77.0196789,Barranco
630,-12.1491892,-77.0189417,Barranco
631,-12.1491892,-77.0182045,Barranco
632,-12.1491892,-77.0174672,Barranco
633,-12.1491892,-77.01673,Barranco
634,-12.1491892,-77.0159928,Barranco
635,-12.1491892,-77.0152556,Barranco
636,-12.1491892,-77.0145184,Barranco
637,-12.1491892,-77.0137811,Barranco
638,-12.1491892,-77.0130439,Barranco
639,-12.1491892,-77.0123067,Barranco
640,-12.1491892,-77.0115695,Barranco
641,-12.1491892,-77.0108323,Barranco
642,-12.1491892,-77.010095,Barranco
643,-12.1491892,-77.0093578,Barranco
644,-12.1491892,-77.0086206,Barranco
645,-12.1491892,-77.0078834,Barranco
646,-12.1491892,-77.0071461,Barranco
647,-12.1491892,-77.0064089,Barranco
648,-12.1491892,-77.0056717,Barranco
649,-12.1491892,-77.0049345,Barranco
650,-12.1491892,-77.0041973,Barranco
651,-12.1491892,-77.00346,Barranco
652,-12.1491892,-77.0027228,Barranco
653,-12.1491892,-77.0019856,Barranco
654,-12.1491892,-77.0012484,Barranco
655,-12.1491892,-77.0005112,Barranco
656,-12.1484685,-77.03,Barranco
657,-12.1484685,-77.0292628,Barranco
658,-12.1484685,-77.0285256,Barranco
659,-12.1484685,-77.0277883,Barranco
660,-12.1484685,-77.0270511,Barranco
661,-12.1484685,-77.0263139,Barranco
662,-12.1484685,-77.0255767,Barranco
663,-12.1484685,-77.0248395,Barranco
664,-12.1484685,-77.0241022,Barranco
665,-12.1484685,-77.023365,Barranco
666,-12.1484685,-77.0226278,Barranco
667,-12.1484685,-77.0218906,Barranco
668,-12.1484685,-77.0211533,Barranco
669,-12.1484685,-77.0204161,Barranco
670,-12.1484685,-77.0196789,Barranco
671,-12.1484685,-77.0189417,Barranco
672,-12.1484685,-77.0182045,Barranco
673,-12.1484685,-77.0174672,Barranco
674,-12.1484685,-77.01673,Barranco
675,-12.1484685,-77.0159928,Barranco
676,-12.1484685,-77.0152556,Barranco
677,-12.1484685,-77.0145184,Barranco
678,-12.1484685,-77.0137811,Barranco
679,-12.1484685,-77.0130439,Barranco
680,-12.1484685,-77.0123067,Barranco
681,-12.1484685,-77.0115695,Barranco
682,-12.1484685,-77.0108323,Barranco
683,-12.1484685,-77.010095,Barranco
684,-12.1484685,-77.0093578,Barranco
685,-12.1484685,-77.0086206,Barranco
686,-12.1484685,-77.0078834,Barranco
687,-12.1484685,-77.0071461,Barranco
688,-12.1484685,-77.0064089,Barranco
689,-12.1484685,-77.0056717,Barranco
690,-12.1484685,-77.0049345,Barranco
691,-12.1484685,-77.0041973,Barranco
692,-12.1484685,-77.00346,Barranco
693,-12.1484685,-77.0027228,Barranco
694,-12.1484685,-77.0019856,Barranco
695,-12.1484685,-77.0012484,Barranco
696,-12.1484685,-77.0005112,Barranco
697,-12.1477477,-77.03,Barranco
698,-12.1477477,-77.0292628,Barranco
699,-12.1477477,-77.0285256,Barranco
700,-12.1477477,-77.0277883,Barranco
701,-12.1477477,-77.0270511,Barranco
702,-12.1477477,-77.0263139,Barranco
703,-12.1477477,-77.0255767,Barranco
704,-12.1477477,-77.0248395,Barranco
705,-12.1477477,-77.0241022,Barranco
706,-12.1477477,-77.023365,Barranco
707,-12.1477477,-77.0226278,Barranco
708,-12.1477477,-77.0218906,Barranco
709,-12.1477477,-77.0211533,Barranco
710,-12.1477477,-77.0204161,Barranco
711,-12.1477477,-77.0196789,Barranco
712,-12.1477477,-77.0189417,Barranco
713,-12.1477477,-77.0182045,Barranco
714,-12.1477477,-77.0174672,Barranco
715,-12.1477477,-77.01673,Barranco
716,-12.1477477,-77.0159928,Barranco
717,-12.1477477,-77.0152556,Barranco
718,-12.1477477,-77.0145184,Barranco
719,-12.1477477,-77.0137811,Barranco
720,-12.1477477,-77.0130439,Barranco
721,-12.1477477,-77.0123067,Barranco
722,-12.1477477,-77.0115695,Barranco
723,-12.1477477,-77.0108323,Barranco
724,-12.1477477,-77.010095,Barranco
725,-12.1477477,-77.0093578,Barranco
726,-12.1477477,-77.0086206,Barranco
727,-12.1477477,-77.0078834,Barranco
728,-12.1477477,-77.0071461,Barranco
729,-12.1477477,-77.0064089,Barranco
730,-12.1477477,-77.0056717,Barranco
731,-12.1477477,-77.0049345,Barranco
732,-12.1477477,-77.0041973,Barranco
733,-12.1477477,-77.00346,Barranco
734,-12.1477477,-77.0027228,Barranco
735,-12.1477477,-77.0019856,Barranco
736,-12.1477477,-77.0012484,Barranco
737,-12.1477477,-77.0005112,Barranco
738,-12.147027,-77.03,Barranco
739,-12.147027,-77.0292628,Barranco
740,-12.147027,-77.0285256,Barranco
741,-12.147027,-77.0277883,Barranco
742,-12.147027,-77.0270511,Barranco
743,-12.147027,-77.0263139,Barranco
744,-12.147027,-77.0255767,Barranco
745,-12.147027,-77.0248395,Barranco
746,-12.147027,-77.0241022,Barranco
747,-12.147027,-77.023365,Barranco
748,-12.147027,-77.0226278,Barranco
749,-12.147027,-77.0218906,Barranco
750,-12.147027,-77.0211533,Barranco
751,-12.147027,-77.0204161,Barranco
752,-12.147027,-77.0196789,Barranco
753,-12.147027,-77.0189417,Barranco
754,-12.147027,-77.0182045,Barranco
755,-12.147027,-77.0174672,Barranco
756,-12.147027,-77.01673,Barranco
757,-12.147027,-77.0159928,Barranco
758,-12.147027,-77.0152556,Barranco
759,-12.147027,-77.0145184,Barranco
760,-12.147027,-77.0137811,Barranco
761,-12.147027,-77.0130439,Barranco
762,-12.147027,-77.0123067,Barranco
763,-12.147027,-77.0115695,Barranco
764,-12.147027,-77.0108323,Barranco
765,-12.147027,-77.010095,Barranco
766,-12.147027,-77.0093578,Barranco
767,-12.147027,-77.0086206,Barranco
768,-12.147027,-77.0078834,Barranco
769,-12.147027,-77.0071461,Barranco
770,-12.147027,-77.0064089,Barranco
771,-12.147027,-77.0056717,Barranco
772,-12.147027,-77.0049345,Barranco
773,-12.147027,-77.0041973,Barranco
774,-12.147027,-77.00346,Barranco
775,-12.147027,-77.0027228,Barranco
776,-12.147027,-77.0019856,Barranco
777,-12.147027,-77.0012484,Barranco
778,-12.147027,-77.0005112,Barranco
779,-12.1463063,-77.03,Barranco
780,-12.1463063,-77.0292628,Barranco
781,-12.1463063,-77.0285256,Barranco
782,-12.1463063,-77.0277883,Barranco
783,-12.1463063,-77.0270511,Barranco
784,-12.1463063,-77.0263139,Barranco
785,-12.1463063,-77.0255767,Barranco
786,-12.1463063,-77.0248395,Barranco
787,-12.1463063,-77.0241022,Barranco
788,-12.1463063,-77.023365,Barranco
789,-12.1463063,-77.0226278,Barranco
790,-12.1463063,-77.0218906,Barranco
791,-12.1463063,-77.0211533,Barranco
792,-12.1463063,-77.0204161,Barranco
793,-12.1463063,-77.0196789,Barranco
794,-12.1463063,-77.0189417,Barranco
795,-12.1463063,-77.0182045,Barranco
796,-12.1463063,-77.0174672,Barranco
797,-12.1463063,-77.01673,Barranco
798,-12.1463063,-77.0159928,Barranco
799,-12.1463063,-77.0152556,Barranco
800,-12.1463063,-77.0145184,Barranco
801,-12.1463063,-77.0137811,Barranco
802,-12.1463063,-77.0130439,Barranco
803,-12.1463063,-77.0123067,Barranco
804,-12.1463063,-77.0115695,Barranco
805,-12.1463063,-77.0108323,Barranco
806,-12.1463063,-77.010095,Barranco
807,-12.1463063,-77.0093578,Barranco
808,-12.1463063,-77.0086206,Barranco
809,-12.1463063,-77.0078834,Barranco
810,-12.1463063,-77.0071461,Barranco
811,-12.1463063,-77.0064089,Barranco
812,-12.1463063,-77.0056717,Barranco
813,-12.1463063,-77.0049345,Barranco
814,-12.1463063,-77.0041973,Barranco
815,-12.1463063,-77.00346,Barranco
816,-12.1463063,-77.0027228,Barranco
817,-12.1463063,-77.0019856,Barranco
818,-12.1463063,-77.0012484,Barranco
819,-12.1463063,-77.0005112,Barranco
820,-12.1455856,-77.03,Barranco
821,-12.1455856,-77.0292628,Barranco
822,-12.1455856,-77.0285256,Barranco
823,-12.1455856,-77.0277883,Barranco
824,-12.1455856,-77.0270511,Barranco
825,-12.1455856,-77.0263139,Barranco
826,-12.1455856,-77.0255767,Barranco
827,-12.1455856,-77.0248395,Barranco
828,-12.1455856,-77.0241022,Barranco
829,-12.1455856,-77.023365,Barranco
830,-12.1455856,-77.0226278,Barranco
831,-12.1455856,-77.0218906,Barranco
832,-12.1455856,-77.0211533,Barranco
833,-12.1455856,-77.0204161,Barranco
834,-12.1455856,-77.0196789,Barranco
835,-12.1455856,-77.0189417,Barranco
836,-12.1455856,-77.0182045,Barranco
837,-12.1455856,-77.0174672,Barranco
838,-12.1455856,-77.01673,Barranco
839,-12.1455856,-77.0159928,Barranco
840,-12.1455856,-77.0152556,Barranco
841,-12.1455856,-77.0145184,Barranco
842,-12.1455856,-77.0137811,Barranco
843,-12.1455856,-77.0130439,Barranco
844,-12.1455856,-77.0123067,Barranco
845,-12.1455856,-77.0115695,Barranco
846,-12.1455856,-77.0108323,Barranco
847,-12.1455856,-77.010095,Barranco
848,-12.1455856,-77.0093578,Barranco
849,-12.1455856,-77.0086206,Barranco
850,-12.1455856,-77.0078834,Barranco
851,-12.1455856,-77.0071461,Barranco
852,-12.1455856,-77.0064089,Barranco
853,-12.1455856,-77.0056717,Barranco
854,-12.1455856,-77.0049345,Barranco
855,-12.1455856,-77.0041973,Barranco
856,-12.1455856,-77.00346,Barranco
857,-12.1455856,-77.0027228,Barranco
858,-12.1455856,-77.0019856,Barranco
859,-12.1455856,-77.0012484,Barranco
860,-12.1455856,-77.0005112,Barranco
861,-12.1448649,-77.03,Barranco
862,-12.1448649,-77.0292628,Barranco
863,-12.1448649,-77.0285256,Barranco
864,-12.1448649,-77.0277883,Barranco
865,-12.1448649,-77.0270511,Barranco
866,-12.1448649,-77.0263139,Barranco
867,-12.1448649,-77.0255767,Barranco
868,-12.1448649,-77.0248395,Barranco
869,-12.1448649,-77.0241022,Barranco
870,-12.1448649,-77.023365,Barranco
871,-12.1448649,-77.0226278,Barranco
872,-12.1448649,-77.0218906,Barranco
873,-12.1448649,-77.0211533,Barranco
874,-12.1448649,-77.0204161,Barranco
875,-12.1448649,-77.0196789,Barranco
876,-12.1448649,-77.0189417,Barranco
877,-12.1448649,-77.0182045,Barranco
878,-12.1448649,-77.0174672,Barranco
879,-12.1448649,-77.01673,Barranco
880,-12.1448649,-77.0159928,Barranco
881,-12.1448649,-77.0152556,Barranco
882,-12.1448649,-77.0145184,Barranco
883,-12.1448649,-77.0137811,Barranco
884,-12.1448649,-77.0130439,Barranco
885,-12.1448649,-77.0123067,Barranco
886,-12.1448649,-77.0115695,Barranco
887,-12.1448649,-77.0108323,Barranco
888,-12.1448649,-77.010095,Barranco
889,-12.1448649,-77.0093578,Barranco
890,-12.1448649,-77.0086206,Barranco
891,-12.1448649,-77.0078834,Barranco
892,-12.1448649,-77.0071461,Barranco
893,-12.1448649,-77.0064089,Barranco
894,-12.1448649,-77.0056717,Barranco
895,-12.1448649,-77.0049345,Barranco
896,-12.1448649,-77.0041973,Barranco
897,-12.1448649,-77.00346,Barranco
898,-12.1448649,-77.0027228,Barranco
899,-12.1448649,-77.0019856,Barranco
900,-12.1448649,-77.0012484,Barranco
901,-12.1448649,-77.0005112,Barranco
902,-12.1441441,-77.03,Barranco
903,-12.1441441,-77.0292628,Barranco
904,-12.1441441,-77.0285256,Barranco
905,-12.1441441,-77.0277883,Barranco
906,-12.1441441,-77.0270511,Barranco
907,-12.1441441,-77.0263139,Barranco
908,-12.1441441,-77.0255767,Barranco
909,-12.1441441,-77.0248395,Barranco
910,-12.1441441,-77.0241022,Barranco
911,-12.1441441,-77.023365,Barranco
912,-12.1441441,-77.0226278,Barranco
913,-12.1441441,-77.0218906,Barranco
914,-12.1441441,-77.0211533,Barranco
915,-12.1441441,-77.0204161,Barranco
916,-12.1441441,-77.0196789,Barranco
917,-12.1441441,-77.0189417,Barranco
918,-12.1441441,-77.0182045,Barranco
919,-12.1441441,-77.0174672,Barranco
920,-12.1441441,-77.01673,Barranco
921,-12.1441441,-77.0159928,Barranco
922,-12.1441441,-77.0152556,Barranco
923,-12.1441441,-77.0145184,Barranco
924,-12.1441441,-77.0137811,Barranco
925,-12.1441441,-77.0130439,Barranco
926,-12.1441441,-77.0123067,Barranco
927,-12.1441441,-77.0115695,Barranco
928,-12.1441441,-77.0108323,Barranco
929,-12.1441441,-77.010095,Barranco
930,-12.1441441,-77.0093578,Barranco
931,-12.1441441,-77.0086206,Barranco
932,-12.1441441,-77.0078834,Barranco
933,-12.1441441,-77.0071461,Barranco
934,-12.1441441,-77.0064089,Barranco
935,-12.1441441,-77.0056717,Barranco
936,-12.1441441,-77.0049345,Barranco
937,-12.1441441,-77.0041973,Barranco
938,-12.1441441,-77.00346,Barranco
939,-12.1441441,-77.0027228,Barranco
940,-12.1441441,-77.0019856,Barranco
941,-12.1441441,-77.0012484,Barranco
942,-12.1441441,-77.0005112,Barranco
943,-12.1434234,-77.03,Barranco
944,-12.1434234,-77.0292628,Barranco
945,-12.1434234,-77.0285256,Barranco
946,-12.1434234,-77.0277883,Barranco
947,-12.1434234,-77.0270511,Barranco
948,-12.1434234,-77.0263139,Barranco
949,-12.1434234,-77.0255767,Barranco
950,-12.1434234,-77.0248395,Barranco
951,-12.1434234,-77.0241022,Barranco
952,-12.1434234,-77.023365,Barranco
953,-12.1434234,-77.0226278,Barranco
954,-12.1434234,-77.0218906,Barranco
955,-12.1434234,-77.0211533,Barranco
956,-12.1434234,-77.0204161,Barranco
957,-12.1434234,-77.0196789,Barranco
958,-12.1434234,-77.0189417,Barranco
959,-12.1434234,-77.0182045,Barranco
960,-12.1434234,-77.0174672,Barranco
961,-12.1434234,-77.01673,Barranco
962,-12.1434234,-77.0159928,Barranco
963,-12.1434234,-77.0152556,Barranco
964,-12.1434234,-77.0145184,Barranco
965,-12.1434234,-77.0137811,Barranco
966,-12.1434234,-77.0130439,Barranco
967,-12.1434234,-77.0123067,Barranco
968,-12.1434234,-77.0115695,Barranco
969,-12.1434234,-77.0108323,Barranco
970,-12.1434234,-77.010095,Barranco
971,-12.1434234,-77.0093578,Barranco
972,-12.1434234,-77.0086206,Barranco
973,-12.1434234,-77.0078834,Barranco
974,-12.1434234,-77.0071461,Barranco
975,-12.1434234,-77.0064089,Barranco
976,-12.1434234,-77.0056717,Barranco
977,-12.1434234,-77.0049345,Barranco
978,-12.1434234,-77.0041973,Barranco
979,-12.1434234,-77.00346,Barranco
980,-12.1434234,-77.0027228,Barranco
981,-12.1434234,-77.0019856,Barranco
982,-12.1434234,-77.0012484,Barranco
983,-12.1434234,-77.0005112,Barranco
984,-12.1427027,-77.03,Barranco
985,-12.1427027,-77.0292628,Barranco
986,-12.1427027,-77.0285256,Barranco
987,-12.1427027,-77.0277883,Barranco
988,-12.1427027,-77.0270511,Barranco
989,-12.1427027,-77.0263139,Barranco
990,-12.1427027,-77.0255767,Barranco
991,-12.1427027,-77.0248395,Barranco
992,-12.1427027,-77.0241022,Barranco
993,-12.1427027,-77.023365,Barranco
994,-12.1427027,-77.0226278,Barranco
995,-12.1427027,-77.0218906,Barranco
996,-12.1427027,-77.0211533,Barranco
997,-12.1427027,-77.0204161,Barranco
998,-12.1427027,-77.0196789,Barranco
999,-12.1427027,-77.0189417,Barranco
1000,-12.1427027,-77.0182045,Barranco
1001,-12.1427027,-77.0174672,Barranco
1002,-12.1427027,-77.01673,Barranco
1003,-12.1427027,-77.0159928,Barranco
1004,-12.1427027,-77.0152556,Barranco
1005,-12.1427027,-77.0145184,Barranco
1006,-12.1427027,-77.0137811,Barranco
1007,-12.1427027,-77.0130439,Barranco
1008,-12.1427027,-77.0123067,Barranco
1009,-12.1427027,-77.0115695,Barranco
1010,-12.1427027,-77.0108323,Barranco
1011,-12.1427027,-77.010095,Barranco
1012,-12.1427027,-77.0093578,Barranco
1013,-12.1427027,-77.0086206,Barranco
1014,-12.1427027,-77.0078834,Barranco
1015,-12.1427027,-77.0071461,Barranco
1016,-12.1427027,-77.0064089,Barranco
1017,-12.1427027,-77.0056717,Barranco
1018,-12.1427027,-77.0049345,Barranco
1019,-12.1427027,-77.0041973,Barranco
1020,-12.1427027,-77.00346,Barranco
1021,-12.1427027,-77.0027228,Barranco
1022,-12.1427027,-77.0019856,Barranco
1023,-12.1427027,-77.0012484,Barranco
1024,-12.1427027,-77.0005112,Barranco
1025,-12.141982,-77.03,Barranco
1026,-12.141982,-77.0292628,Barranco
1027,-12.141982,-77.0285256,Barranco
1028,-12.141982,-77.0277883,Barranco
1029,-12.141982,-77.0270511,Barranco
1030,-12.141982,-77.0263139,Barranco
1031,-12.141982,-77.0255767,Barranco
1032,-12.141982,-77.0248395,Barranco
1033,-12.141982,-77.0241022,Barranco
1034,-12.141982,-77.023365,Barranco
1035,-12.141982,-77.0226278,Barranco
1036,-12.141982,-77.0218906,Barranco
1037,-12.141982,-77.0211533,Barranco
1038,-12.141982,-77.0204161,Barranco
1039,-12.141982,-77.0196789,Barranco
1040,-12.141982,-77.0189417,Barranco
1041,-12.141982,-77.0182045,Barranco
1042,-12.141982,-77.0174672,Barranco
1043,-12.141982,-77.01673,Barranco
1044,-12.141982,-77.0159928,Barranco
1045,-12.141982,-77.0152556,Barranco
1046,-12.141982,-77.0145184,Barranco
1047,-12.141982,-77.0137811,Barranco
1048,-12.141982,-77.0130439,Barranco
1049,-12.141982,-77.0123067,Barranco
1050,-12.141982,-77.0115695,Barranco
1051,-12.141982,-77.0108323,Barranco
1052,-12.141982,-77.010095,Barranco
1053,-12.141982,-77.0093578,Barranco
1054,-12.141982,-77.0086206,Barranco
1055,-12.141982,-77.0078834,Barranco
1056,-12.141982,-77.0071461,Barranco
1057,-12.141982,-77.0064089,Barranco
1058,-12.141982,-77.0056717,Barranco
1059,-12.141982,-77.0049345,Barranco
1060,-12.141982,-77.0041973,Barranco
1061,-12.141982,-77.00346,Barranco
1062,-12.141982,-77.0027228,Barranco
1063,-12.141982,-77.0019856,Barranco
1064,-12.141982,-77.0012484,Barranco
1065,-12.141982,-77.0005112,Barranco
1066,-12.1412613,-77.03,Barranco
1067,-12.1412613,-77.0292628,Barranco
1068,-12.1412613,-77.0285256,Barranco
1069,-12.1412613,-77.0277883,Barranco
1070,-12.1412613,-77.0270511,Barranco
1071,-12.1412613,-77.0263139,Barranco
1072,-12.1412613,-77.0255767,Barranco
1073,-12.1412613,-77.0248395,Barranco
1074,-12.1412613,-77.0241022,Barranco
1075,-12.1412613,-77.023365,Barranco
1076,-12.1412613,-77.0226278,Barranco
1077,-12.1412613,-77.0218906,Barranco
1078,-12.1412613,-77.0211533,Barranco
1079,-12.1412613,-77.0204161,Barranco
1080,-12.1412613,-77.0196789,Barranco
1081,-12.1412613,-77.0189417,Barranco
1082,-12.1412613,-77.0182045,Barranco
1083,-12.1412613,-77.0174672,Barranco
1084,-12.1412613,-77.01673,Barranco
1085,-12.1412613,-77.0159928,Barranco
1086,-12.1412613,-77.0152556,Barranco
1087,-12.1412613,-77.0145184,Barranco
1088,-12.1412613,-77.0137811,Barranco
1089,-12.1412613,-77.0130439,Barranco
1090,-12.1412613,-77.0123067,Barranco
1091,-12.1412613,-77.0115695,Barranco
1092,-12.1412613,-77.0108323,Barranco
1093,-12.1412613,-77.010095,Barranco
1094,-12.1412613,-77.0093578,Barranco
1095,-12.1412613,-77.0086206,Barranco
1096,-12.1412613,-77.0078834,Barranco
1097,-12.1412613,-77.0071461,Barranco
1098,-12.1412613,-77.0064089,Barranco
1099,-12.1412613,-77.0056717,Barranco
1100,-12.1412613,-77.0049345,Barranco
1101,-12.1412613,-77.0041973,Barranco
1102,-12.1412613,-77.00346,Barranco
1103,-12.1412613,-77.0027228,Barranco
1104,-12.1412613,-77.0019856,Barranco
1105,-12.1412613,-77.0012484,Barranco
1106,-12.1412613,-77.0005112,Barranco
1107,-12.1405405,-77.03,Barranco
1108,-12.1405405,-77.0292628,Barranco
1109,-12.1405405,-77.0285256,Barranco
1110,-12.1405405,-77.0277883,Barranco
1111,-12.1405405,-77.0270511,Barranco
1112,-12.1405405,-77.0263139,Barranco
1113,-12.1405405,-77.0255767,Barranco
1114,-12.1405405,-77.0248395,Barranco
1115,-12.1405405,-77.0241022,Barranco
1116,-12.1405405,-77.023365,Barranco
1117,-12.1405405,-77.0226278,Barranco
1118,-12.1405405,-77.0218906,Barranco
1119,-12.1405405,-77.0211533,Barranco
1120,-12.1405405,-77.0204161,Barranco
1121,-12.1405405,-77.0196789,Barranco
1122,-12.1405405,-77.0189417,Barranco
1123,-12.1405405,-77.0182045,Barranco
1124,-12.1405405,-77.0174672,Barranco
1125,-12.1405405,-77.01673,Barranco
1126,-12.1405405,-77.0159928,Barranco
1127,-12.1405405,-77.0152556,Barranco
1128,-12.1405405,-77.0145184,Barranco
1129,-12.1405405,-77.0137811,Barranco
1130,-12.1405405,-77.0130439,Barranco
1131,-12.1405405,-77.0123067,Barranco
1132,-12.1405405,-77.0115695,Barranco
1133,-12.1405405,-77.0108323,Barranco
1134,-12.1405405,-77.010095,Barranco
1135,-12.1405405,-77.0093578,Barranco
1136,-12.1405405,-77.0086206,Barranco
1137,-12.1405405,-77.0078834,Barranco
1138,-12.1405405,-77.0071461,Barranco
1139,-12.1405405,-77.0064089,Barranco
1140,-12.1405405,-77.0056717,Barranco
1141,-12.1405405,-77.0049345,Barranco
1142,-12.1405405,-77.0041973,Barranco
1143,-12.1405405,-77.00346,Barranco
1144,-12.1405405,-77.0027228,Barranco
1145,-12.1405405,-77.0019856,Barranco
1146,-12.1405405,-77.0012484,Barranco
1147,-12.1405405,-77.0005112,Barranco
1148,-12.1398198,-77.03,Barranco
1149,-12.1398198,-77.0292628,Barranco
1150,-12.1398198,-77.0285256,Barranco
1151,-12.1398198,-77.0277883,Barranco
1152,-12.1398198,-77.0270511,Barranco
1153,-12.1398198,-77.0263139,Barranco
1154,-12.1398198,-77.0255767,Barranco
1155,-12.1398198,-77.0248395,Barranco
1156,-12.1398198,-77.0241022,Barranco
1157,-12.1398198,-77.023365,Barranco
1158,-12.1398198,-77.0226278,Barranco
1159,-12.1398198,-77.0218906,Barranco
1160,-12.1398198,-77.0211533,Barranco
1161,-12.1398198,-77.0204161,Barranco
1162,-12.1398198,-77.0196789,Barranco
1163,-12.1398198,-77.0189417,Barranco
1164,-12.1398198,-77.0182045,Barranco
1165,-12.1398198,-77.0174672,Barranco
1166,-12.1398198,-77.01673,Barranco
1167,-12.1398198,-77.0159928,Barranco
1168,-12.1398198,-77.0152556,Barranco
1169,-12.1398198,-77.0145184,Barranco
1170,-12.1398198,-77.0137811,Barranco
1171,-12.1398198,-77.0130439,Barranco
1172,-12.1398198,-77.0123067,Barranco
1173,-12.1398198,-77.0115695,Barranco
1174,-12.1398198,-77.0108323,Barranco
1175,-12.1398198,-77.010095,Barranco
1176,-12.1398198,-77.0093578,Barranco
1177,-12.1398198,-77.0086206,Barranco
1178,-12.1398198,-77.0078834,Barranco
1179,-12.1398198,-77.0071461,Barranco
1180,-12.1398198,-77.0064089,Barranco
1181,-12.1398198,-77.0056717,Barranco
1182,-12.1398198,-77.0049345,Barranco
1183,-12.1398198,-77.0041973,Barranco
1184,-12.1398198,-77.00346,Barranco
1185,-12.1398198,-77.0027228,Barranco
1186,-12.1398198,-77.0019856,Barranco
1187,-12.1398198,-77.0012484,Barranco
1188,-12.1398198,-77.0005112,Barranco
1189,-12.1390991,-77.03,Barranco
1190,-12.1390991,-77.0292628,Barranco
1191,-12.1390991,-77.0285256,Barranco
1192,-12.1390991,-77.0277883,Barranco
1193,-12.1390991,-77.0270511,Barranco
1194,-12.1390991,-77.0263139,Barranco
1195,-12.1390991,-77.0255767,Barranco
1196,-12.1390991,-77.0248395,Barranco
1197,-12.1390991,-77.0241022,Barranco
1198,-12.1390991,-77.023365,Barranco
1199,-12.1390991,-77.0226278,Barranco
1200,-12.1390991,-77.0218906,Barranco
1201,-12.1390991,-77.0211533,Barranco
1202,-12.1390991,-77.0204161,Barranco
1203,-12.1390991,-77.0196789,Barranco
1204,-12.1390991,-77.0189417,Barranco
1205,-12.1390991,-77.0182045,Barranco
1206,-12.1390991,-77.0174672,Barranco
1207,-12.1390991,-77.01673,Barranco
1208,-12.1390991,-77.0159928,Barranco
1209,-12.1390991,-77.0152556,Barranco
1210,-12.1390991,-77.0145184,Barranco
1211,-12.1390991,-77.0137811,Barranco
1212,-12.1390991,-77.0130439,Barranco
1213,-12.1390991,-77.0123067,Barranco
1214,-12.1390991,-77.0115695,Barranco
1215,-12.1390991,-77.0108323,Barranco
1216,-12.1390991,-77.010095,Barranco
1217,-12.1390991,-77.0093578,Barranco
1218,-12.1390991,-77.0086206,Barranco
1219,-12.1390991,-77.0078834,Barranco
1220,-12.1390991,-77.0071461,Barranco
1221,-12.1390991,-77.0064089,Barranco
1222,-12.1390991,-77.0056717,Barranco
1223,-12.1390991,-77.0049345,Barranco
1224,-12.1390991,-77.0041973,Barranco
1225,-12.1390991,-77.00346,Barranco
1226,-12.1390991,-77.0027228,Barranco
1227,-12.1390991,-77.0019856,Barranco
1228,-12.1390991,-77.0012484,Barranco
1229,-12.1390991,-77.0005112,Barranco
1230,-12.1383784,-77.03,Barranco
1231,-12.1383784,-77.0292628,Barranco
1232,-12.1383784,-77.0285256,Barranco
1233,-12.1383784,-77.0277883,Barranco
1234,-12.1383784,-77.0270511,Barranco
1235,-12.1383784,-77.0263139,Barranco
1236,-12.1383784,-77.0255767,Barranco
1237,-12.1383784,-77.0248395,Barranco
1238,-12.1383784,-77.0241022,Barranco
1239,-12.1383784,-77.023365,Barranco
1240,-12.1383784,-77.0226278,Barranco
1241,-12.1383784,-77.0218906,Barranco
1242,-12.1383784,-77.0211533,Barranco
1243,-12.1383784,-77.0204161,Barranco
1244,-12.1383784,-77.0196789,Barranco
1245,-12.1383784,-77.0189417,Barranco
1246,-12.1383784,-77.0182045,Barranco
1247,-12.1383784,-77.0174672,Barranco
1248,-12.1383784,-77.01673,Barranco
1249,-12.1383784,-77.0159928,Barranco
1250,-12.1383784,-77.0152556,Barranco
1251,-12.1383784,-77.0145184,Barranco
1252,-12.1383784,-77.0137811,Barranco
1253,-12.1383784,-77.0130439,Barranco
1254,-12.1383784,-77.0123067,Barranco
1255,-12.1383784,-77.0115695,Barranco
1256,-12.1383784,-77.0108323,Barranco
1257,-12.1383784,-77.010095,Barranco
1258,-12.1383784,-77.0093578,Barranco
1259,-12.1383784,-77.0086206,Barranco
1260,-12.1383784,-77.0078834,Barranco
1261,-12.1383784,-77.0071461,Barranco
1262,-12.1383784,-77.0064089,Barranco
1263,-12.1383784,-77.0056717,Barranco
1264,-12.1383784,-77.0049345,Barranco
1265,-12.1383784,-77.0041973,Barranco
1266,-12.1383784,-77.00346,Barranco
1267,-12.1383784,-77.0027228,Barranco
1268,-12.1383784,-77.0019856,Barranco
1269,-12.1383784,-77.0012484,Barranco
1270,-12.1383784,-77.0005112,Barranco
1271,-12.1376577,-77.03,Barranco
1272,-12.1376577,-77.0292628,Barranco
1273,-12.1376577,-77.0285256,Barranco
1274,-12.1376577,-77.0277883,Barranco
1275,-12.1376577,-77.0270511,Barranco
1276,-12.1376577,-77.0263139,Barranco
1277,-12.1376577,-77.0255767,Barranco
1278,-12.1376577,-77.0248395,Barranco
1279,-12.1376577,-77.0241022,Barranco
1280,-12.1376577,-77.023365,Barranco
1281,-12.1376577,-77.0226278,Barranco
1282,-12.1376577,-77.0218906,Barranco
1283,-12.1376577,-77.0211533,Barranco
1284,-12.1376577,-77.0204161,Barranco
1285,-12.1376577,-77.0196789,Barranco
1286,-12.1376577,-77.0189417,Barranco
1287,-12.1376577,-77.0182045,Barranco
1288,-12.1376577,-77.0174672,Barranco
1289,-12.1376577,-77.01673,Barranco
1290,-12.1376577,-77.0159928,Barranco
1291,-12.1376577,-77.0152556,Barranco
1292,-12.1376577,-77.0145184,Barranco
1293,-12.1376577,-77.0137811,Barranco
1294,-12.1376577,-77.0130439,Barranco
1295,-12.1376577,-77.0123067,Barranco
1296,-12.1376577,-77.0115695,Barranco
1297,-12.1376577,-77.0108323,Barranco
1298,-12.1376577,-77.010095,Barranco
1299,-12.1376577,-77.0093578,Barranco
1300,-12.1376577,-77.0086206,Barranco
1301,-12.1376577,-77.0078834,Barranco
1302,-12.1376577,-77.0071461,Barranco
1303,-12.1376577,-77.0064089,Barranco
1304,-12.1376577,-77.0056717,Barranco
1305,-12.1376577,-77.0049345,Barranco
1306,-12.1376577,-77.0041973,Barranco
1307,-12.1376577,-77.00346,Barranco
1308,-12.1376577,-77.0027228,Barranco
1309,-12.1376577,-77.0019856,Barranco
1310,-12.1376577,-77.0012484,Barranco
1311,-12.1376577,-77.0005112,Barranco
1312,-12.1369369,-77.03,Barranco
1313,-12.1369369,-77.0292628,Barranco
1314,-12.1369369,-77.0285256,Barranco
1315,-12.1369369,-77.0277883,Barranco
1316,-12.1369369,-77.0270511,Barranco
1317,-12.1369369,-77.0263139,Barranco
1318,-12.1369369,-77.0255767,Barranco
1319,-12.1369369,-77.0248395,Barranco
1320,-12.1369369,-77.0241022,Barranco
1321,-12.1369369,-77.023365,Barranco
1322,-12.1369369,-77.0226278,Barranco
1323,-12.1369369,-77.0218906,Barranco
1324,-12.1369369,-77.0211533,Barranco
1325,-12.1369369,-77.0204161,Barranco
1326,-12.1369369,-77.0196789,Barranco
1327,-12.1369369,-77.0189417,Barranco
1328,-12.1369369,-77.0182045,Barranco
1329,-12.1369369,-77.0174672,Barranco
1330,-12.1369369,-77.01673,Barranco
1331,-12.1369369,-77.0159928,Barranco
1332,-12.1369369,-77.0152556,Barranco
1333,-12.1369369,-77.0145184,Barranco
1334,-12.1369369,-77.0137811,Barranco
1335,-12.1369369,-77.0130439,Barranco
1336,-12.1369369,-77.0123067,Barranco
1337,-12.1369369,-77.0115695,Barranco
1338,-12.1369369,-77.0108323,Barranco
1339,-12.1369369,-77.010095,Barranco
1340,-12.1369369,-77.0093578,Barranco
1341,-12.1369369,-77.0086206,Barranco
1342,-12.1369369,-77.0078834,Barranco
1343,-12.1369369,-77.0071461,Barranco
1344,-12.1369369,-77.0064089,Barranco
1345,-12.1369369,-77.0056717,Barranco
1346,-12.1369369,-77.0049345,Barranco
1347,-12.1369369,-77.0041973,Barranco
1348,-12.1369369,-77.00346,Barranco
1349,-12.1369369,-77.0027228,Barranco
1350,-12.1369369,-77.0019856,Barranco
1351,-12.1369369,-77.0012484,Barranco
1352,-12.1369369,-77.0005112,Barranco
1353,-12.1362162,-77.03,Barranco
1354,-12.1362162,-77.0292628,Barranco
1355,-12.1362162,-77.0285256,Barranco
1356,-12.1362162,-77.0277883,Barranco
1357,-12.1362162,-77.0270511,Barranco
1358,-12.1362162,-77.0263139,Barranco
1359,-12.1362162,-77.0255767,Barranco
1360,-12.1362162,-77.0248395,Barranco
1361,-12.1362162,-77.0241022,Barranco
1362,-12.1362162,-77.023365,Barranco
1363,-12.1362162,-77.0226278,Barranco
1364,-12.1362162,-77.0218906,Barranco
1365,-12.1362162,-77.0211533,Barranco
1366,-12.1362162,-77.0204161,Barranco
1367,-12.1362162,-77.0196789,Barranco
1368,-12.1362162,-77.0189417,Barranco
1369,-12.1362162,-77.0182045,Barranco
1370,-12.1362162,-77.0174672,Barranco
1371,-12.1362162,-77.01673,Barranco
1372,-12.1362162,-77.0159928,Barranco
1373,-12.1362162,-77.0152556,Barranco
1374,-12.1362162,-77.0145184,Barranco
1375,-12.1362162,-77.0137811,Barranco
1376,-12.1362162,-77.0130439,Barranco
1377,-12.1362162,-77.0123067,Barranco
1378,-12.1362162,-77.0115695,Barranco
1379,-12.1362162,-77.0108323,Barranco
1380,-12.1362162,-77.010095,Barranco
1381,-12.1362162,-77.0093578,Barranco
1382,-12.1362162,-77.0086206,Barranco
1383,-12.1362162,-77.0078834,Barranco
1384,-12.1362162,-77.0071461,Barranco
1385,-12.1362162,-77.0064089,Barranco
1386,-12.1362162,-77.0056717,Barranco
1387,-12.1362162,-77.0049345,Barranco
1388,-12.1362162,-77.0041973,Barranco
1389,-12.1362162,-77.00346,Barranco
1390,-12.1362162,-77.0027228,Barranco
1391,-12.1362162,-77.0019856,Barranco
1392,-12.1362162,-77.0012484,Barranco
1393,-12.1362162,-77.0005112,Barranco
1394,-12.1354955,-77.03,Barranco
1395,-12.1354955,-77.0292628,Barranco
1396,-12.1354955,-77.0285256,Barranco
1397,-12.1354955,-77.0277883,Barranco
1398,-12.1354955,-77.0270511,Barranco
1399,-12.1354955,-77.0263139,Barranco
1400,-12.1354955,-77.0255767,Barranco
1401,-12.1354955,-77.0248395,Barranco
1402,-12.1354955,-77.0241022,Barranco
1403,-12.1354955,-77.023365,Barranco
1404,-12.1354955,-77.0226278,Barranco
1405,-12.1354955,-77.0218906,Barranco
1406,-12.1354955,-77.0211533,Barranco
1407,-12.1354955,-77.0204161,Barranco
1408,-12.1354955,-77.0196789,Barranco
1409,-12.1354955,-77.0189417,Barranco
1410,-12.1354955,-77.0182045,Barranco
1411,-12.1354955,-77.0174672,Barranco
1412,-12.1354955,-77.01673,Barranco
1413,-12.1354955,-77.0159928,Barranco
1414,-12.1354955,-77.0152556,Barranco
1415,-12.1354955,-77.0145184,Barranco
1416,-12.1354955,-77.0137811,Barranco
1417,-12.1354955,-77.0130439,Barranco
1418,-12.1354955,-77.0123067,Barranco
1419,-12.1354955,-77.0115695,Barranco
1420,-12.1354955,-77.0108323,Barranco
1421,-12.1354955,-77.010095,Barranco
1422,-12.1354955,-77.0093578,Barranco
1423,-12.1354955,-77.0086206,Barranco
1424,-12.1354955,-77.0078834,Barranco
1425,-12.1354955,-77.0071461,Barranco
1426,-12.1354955,-77.0064089,Barranco
1427,-12.1354955,-77.0056717,Barranco
1428,-12.1354955,-77.0049345,Barranco
1429,-12.1354955,-77.0041973,Barranco
1430,-12.1354955,-77.00346,Barranco
1431,-12.1354955,-77.0027228,Barranco
1432,-12.1354955,-77.0019856,Barranco
1433,-12.1354955,-77.0012484,Barranco
1434,-12.1354955,-77.0005112,Barranco
1435,-12.1347748,-77.03,Barranco
1436,-12.1347748,-77.0292628,Barranco
1437,-12.1347748,-77.0285256,Barranco
1438,-12.1347748,-77.0277883,Barranco
1439,-12.1347748,-77.0270511,Barranco
1440,-12.1347748,-77.0263139,Barranco
1441,-12.1347748,-77.0255767,Barranco
1442,-12.1347748,-77.0248395,Barranco
1443,-12.1347748,-77.0241022,Barranco
1444,-12.1347748,-77.023365,Barranco
1445,-12.1347748,-77.0226278,Barranco
1446,-12.1347748,-77.0218906,Barranco
1447,-12.1347748,-77.0211533,Barranco
1448,-12.1347748,-77.0204161,Barranco
1449,-12.1347748,-77.0196789,Barranco
1450,-12.1347748,-77.0189417,Barranco
1451,-12.1347748,-77.0182045,Barranco
1452,-12.1347748,-77.0174672,Barranco
1453,-12.1347748,-77.01673,Barranco
1454,-12.1347748,-77.0159928,Barranco
1455,-12.1347748,-77.0152556,Barranco
1456,-12.1347748,-77.0145184,Barranco
1457,-12.1347748,-77.0137811,Barranco
1458,-12.1347748,-77.0130439,Barranco
1459,-12.1347748,-77.0123067,Barranco
1460,-12.1347748,-77.0115695,Barranco
1461,-12.1347748,-77.0108323,Barranco
1462,-12.1347748,-77.010095,Barranco
1463,-12.1347748,-77.0093578,Barranco
1464,-12.1347748,-77.0086206,Barranco
1465,-12.1347748,-77.0078834,Barranco
1466,-12.1347748,-77.0071461,Barranco
1467,-12.1347748,-77.0064089,Barranco
1468,-12.1347748,-77.0056717,Barranco
1469,-12.1347748,-77.0049345,Barranco
1470,-12.1347748,-77.0041973,Barranco
1471,-12.1347748,-77.00346,Barranco
1472,-12.1347748,-77.0027228,Barranco
1473,-12.1347748,-77.0019856,Barranco
1474,-12.1347748,-77.0012484,Barranco
1475,-12.1347748,-77.0005112,Barranco
1476,-12.1340541,-77.03,Barranco
1477,-12.1340541,-77.0292628,Barranco
1478,-12.1340541,-77.0285256,Barranco
1479,-12.1340541,-77.0277883,Barranco
1480,-12.1340541,-77.0270511,Barranco
1481,-12.1340541,-77.0263139,Barranco
1482,-12.1340541,-77.0255767,Barranco
1483,-12.1340541,-77.0248395,Barranco
1484,-12.1340541,-77.0241022,Barranco
1485,-12.1340541,-77.023365,Barranco
1486,-12.1340541,-77.0226278,Barranco
1487,-12.1340541,-77.0218906,Barranco
1488,-12.1340541,-77.0211533,Barranco
1489,-12.1340541,-77.0204161,Barranco
1490,-12.1340541,-77.0196789,Barranco
1491,-12.1340541,-77.0189417,Barranco
1492,-12.1340541,-77.0182045,Barranco
1493,-12.1340541,-77.0174672,Barranco
1494,-12.1340541,-77.01673,Barranco
1495,-12.1340541,-77.0159928,Barranco
1496,-12.1340541,-77.0152556,Barranco
1497,-12.1340541,-77.0145184,Barranco
1498,-12.1340541,-77.0137811,Barranco
1499,-12.1340541,-77.0130439,Barranco
1500,-12.1340541,-77.0123067,Barranco
1501,-12.1340541,-77.0115695,Barranco
1502,-12.1340541,-77.0108323,Barranco
1503,-12.1340541,-77.010095,Barranco
1504,-12.1340541,-77.0093578,Barranco
1505,-12.1340541,-77.0086206,Barranco
1506,-12.1340541,-77.0078834,Barranco
1507,-12.1340541,-77.0071461,Barranco
1508,-12.1340541,-77.0064089,Barranco
1509,-12.1340541,-77.0056717,Barranco
1510,-12.1340541,-77.0049345,Barranco
1511,-12.1340541,-77.0041973,Barranco
1512,-12.1340541,-77.00346,Barranco
1513,-12.1340541,-77.0027228,Barranco
1514,-12.1340541,-77.0019856,Barranco
1515,-12.1340541,-77.0012484,Barranco
1516,-12.1340541,-77.0005112,Barranco
1517,-12.1333333,-77.03,Barranco
1518,-12.1333333,-77.0292628,Barranco
1519,-12.1333333,-77.0285256,Barranco
1520,-12.1333333,-77.0277883,Barranco
1521,-12.1333333,-77.0270511,Barranco
1522,-12.1333333,-77.0263139,Barranco
1523,-12.1333333,-77.0255767,Barranco
1524,-12.1333333,-77.0248395,Barranco
1525,-12.1333333,-77.0241022,Barranco
1526,-12.1333333,-77.023365,Barranco
1527,-12.1333333,-77.0226278,Barranco
1528,-12.1333333,-77.0218906,Barranco
1529,-12.1333333,-77.0211533,Barranco
1530,-12.1333333,-77.0204161,Barranco
1531,-12.1333333,-77.0196789,Barranco
1532,-12.1333333,-77.0189417,Barranco
1533,-12.1333333,-77.0182045,Barranco
1534,-12.1333333,-77.0174672,Barranco
1535,-12.1333333,-77.01673,Barranco
1536,-12.1333333,-77.0159928,Barranco
1537,-12.1333333,-77.0152556,Barranco
1538,-12.1333333,-77.0145184,Barranco
1539,-12.1333333,-77.0137811,Barranco
1540,-12.1333333,-77.0130439,Barranco
1541,-12.1333333,-77.0123067,Barranco
1542,-12.1333333,-77.0115695,Barranco
1543,-12.1333333,-77.0108323,Barranco
1544,-12.1333333,-77.010095,Barranco
1545,-12.1333333,-77.0093578,Barranco
1546,-12.1333333,-77.0086206,Barranco
1547,-12.1333333,-77.0078834,Barranco
1548,-12.1333333,-77.0071461,Barranco
1549,-12.1333333,-77.0064089,Barranco
1550,-12.1333333,-77.0056717,Barranco
1551,-12.1333333,-77.0049345,Barranco
1552,-12.1333333,-77.0041973,Barranco
1553,-12.1333333,-77.00346,Barranco
1554,-12.1333333,-77.0027228,Barranco
1555,-12.1333333,-77.0019856,Barranco
1556,-12.1333333,-77.0012484,Barranco
1557,-12.1333333,-77.0005112,Barranco
1558,-12.1326126,-77.03,Barranco
1559,-12.1326126,-77.0292628,Barranco
1560,-12.1326126,-77.0285256,Barranco
1561,-12.1326126,-77.0277883,Barranco
1562,-12.1326126,-77.0270511,Barranco
1563,-12.1326126,-77.0263139,Barranco
1564,-12.1326126,-77.0255767,Barranco
1565,-12.1326126,-77.0248395,Barranco
1566,-12.1326126,-77.0241022,Barranco
1567,-12.1326126,-77.023365,Barranco
1568,-12.1326126,-77.0226278,Barranco
1569,-12.1326126,-77.0218906,Barranco
1570,-12.1326126,-77.0211533,Barranco
1571,-12.1326126,-77.0204161,Barranco
1572,-12.1326126,-77.0196789,Barranco
1573,-12.1326126,-77.0189417,Barranco
1574,-12.1326126,-77.0182045,Barranco
1575,-12.1326126,-77.0174672,Barranco
1576,-12.1326126,-77.01673,Barranco
1577,-12.1326126,-77.0159928,Barranco
1578,-12.1326126,-77.0152556,Barranco
1579,-12.1326126,-77.0145184,Barranco
1580,-12.1326126,-77.0137811,Barranco
1581,-12.1326126,-77.0130439,Barranco
1582,-12.1326126,-77.0123067,Barranco
1583,-12.1326126,-77.0115695,Barranco
1584,-12.1326126,-77.0108323,Barranco
1585,-12.1326126,-77.010095,Barranco
1586,-12.1326126,-77.0093578,Barranco
1587,-12.1326126,-77.0086206,Barranco
1588,-12.1326126,-77.0078834,Barranco
1589,-12.1326126,-77.0071461,Barranco
1590,-12.1326126,-77.0064089,Barranco
1591,-12.1326126,-77.0056717,Barranco
1592,-12.1326126,-77.0049345,Barranco
1593,-12.1326126,-77.0041973,Barranco
1594,-12.1326126,-77.00346,Barranco
1595,-12.1326126,-77.0027228,Barranco
1596,-12.1326126,-77.0019856,Barranco
1597,-12.1326126,-77.0012484,Barranco
1598,-12.1326126,-77.0005112,Barranco
1599,-12.1318919,-77.03,Barranco
1600,-12.1318919,-77.0292628,Barranco
1601,-12.1318919,-77.0285256,Barranco
1602,-12.1318919,-77.0277883,Barranco
1603,-12.1318919,-77.0270511,Barranco
1604,-12.1318919,-77.0263139,Barranco
1605,-12.1318919,-77.0255767,Barranco
1606,-12.1318919,-77.0248395,Barranco
1607,-12.1318919,-77.0241022,Barranco
1608,-12.1318919,-77.023365,Barranco
1609,-12.1318919,-77.0226278,Barranco
1610,-12.1318919,-77.0218906,Barranco
1611,-12.1318919,-77.0211533,Barranco
1612,-12.1318919,-77.0204161,Barranco
1613,-12.1318919,-77.0196789,Barranco
1614,-12.1318919,-77.0189417,Barranco
1615,-12.1318919,-77.0182045,Barranco
1616,-12.1318919,-77.0174672,Barranco
1617,-12.1318919,-77.01673,Barranco
1618,-12.1318919,-77.0159928,Barranco
1619,-12.1318919,-77.0152556,Barranco
1620,-12.1318919,-77.0145184,Barranco
1621,-12.1318919,-77.0137811,Barranco
1622,-12.1318919,-77.0130439,Barranco
1623,-12.1318919,-77.0123067,Barranco
1624,-12.1318919,-77.0115695,Barranco
1625,-12.1318919,-77.0108323,Barranco
1626,-12.1318919,-77.010095,Barranco
1627,-12.1318919,-77.0093578,Barranco
1628,-12.1318919,-77.0086206,Barranco
1629,-12.1318919,-77.0078834,Barranco
1630,-12.1318919,-77.0071461,Barranco
1631,-12.1318919,-77.0064089,Barranco
1632,-12.1318919,-77.0056717,Barranco
1633,-12.1318919,-77.0049345,Barranco
1634,-12.1318919,-77.0041973,Barranco
1635,-12.1318919,-77.00346,Barranco
1636,-12.1318919,-77.0027228,Barranco
1637,-12.1318919,-77.0019856,Barranco
1638,-12.1318919,-77.0012484,Barranco
1639,-12.1318919,-77.0005112,Barranco
1640,-12.1311712,-77.03,Barranco
1641,-12.1311712,-77.0292628,Barranco
1642,-12.1311712,-77.0285256,Barranco
1643,-12.1311712,-77.0277883,Barranco
1644,-12.1311712,-77.0270511,Barranco
1645,-12.1311712,-77.0263139,Barranco
1646,-12.1311712,-77.0255767,Barranco
1647,-12.1311712,-77.0248395,Barranco
1648,-12.1311712,-77.0241022,Barranco
1649,-12.1311712,-77.023365,Barranco
1650,-12.1311712,-77.0226278,Barranco
1651,-12.1311712,-77.0218906,Barranco
1652,-12.1311712,-77.0211533,Barranco
1653,-12.1311712,-77.0204161,Barranco
1654,-12.1311712,-77.0196789,Barranco
1655,-12.1311712,-77.0189417,Barranco
1656,-12.1311712,-77.0182045,Barranco
1657,-12.1311712,-77.0174672,Barranco
1658,-12.1311712,-77.01673,Barranco
1659,-12.1311712,-77.0159928,Barranco
1660,-12.1311712,-77.0152556,Barranco
1661,-12.1311712,-77.0145184,Barranco
1662,-12.1311712,-77.0137811,Barranco
1663,-12.1311712,-77.0130439,Barranco
1664,-12.1311712,-77.0123067,Barranco
1665,-12.1311712,-77.0115695,Barranco
1666,-12.1311712,-77.0108323,Barranco
1667,-12.1311712,-77.010095,Barranco
1668,-12.1311712,-77.0093578,Barranco
1669,-12.1311712,-77.0086206,Barranco
1670,-12.1311712,-77.0078834,Barranco
1671,-12.1311712,-77.0071461,Barranco
1672,-12.1311712,-77.0064089,Barranco
1673,-12.1311712,-77.0056717,Barranco
1674,-12.1311712,-77.0049345,Barranco
1675,-12.1311712,-77.0041973,Barranco
1676,-12.1311712,-77.00346,Barranco
1677,-12.1311712,-77.0027228,Barranco
1678,-12.1311712,-77.0019856,Barranco
1679,-12.1311712,-77.0012484,Barranco
1680,-12.1311712,-77.0005112,Barranco
1681,-12.1304505,-77.03,Barranco
1682,-12.1304505,-77.0292628,Barranco
1683,-12.1304505,-77.0285256,Barranco
1684,-12.1304505,-77.0277883,Barranco
1685,-12.1304505,-77.0270511,Barranco
1686,-12.1304505,-77.0263139,Barranco
1687,-12.1304505,-77.0255767,Barranco
1688,-12.1304505,-77.0248395,Barranco
1689,-12.1304505,-77.0241022,Barranco
1690,-12.1304505,-77.023365,Barranco
1691,-12.1304505,-77.0226278,Barranco
1692,-12.1304505,-77.0218906,Barranco
1693,-12.1304505,-77.0211533,Barranco
1694,-12.1304505,-77.0204161,Barranco
1695,-12.1304505,-77.0196789,Barranco
1696,-12.1304505,-77.0189417,Barranco
1697,-12.1304505,-77.0182045,Barranco
1698,-12.1304505,-77.0174672,Barranco
1699,-12.1304505,-77.01673,Barranco
1700,-12.1304505,-77.0159928,Barranco
1701,-12.1304505,-77.0152556,Barranco
1702,-12.1304505,-77.0145184,Barranco
1703,-12.1304505,-77.0137811,Barranco
1704,-12.1304505,-77.0130439,Barranco
1705,-12.1304505,-77.0123067,Barranco
1706,-12.1304505,-77.0115695,Barranco
1707,-12.1304505,-77.0108323,Barranco
1708,-12.1304505,-77.010095,Barranco
1709,-12.1304505,-77.0093578,Barranco
1710,-12.1304505,-77.0086206,Barranco
1711,-12.1304505,-77.0078834,Barranco
1712,-12.1304505,-77.0071461,Barranco
1713,-12.1304505,-77.0064089,Barranco
1714,-12.1304505,-77.0056717,Barranco
1715,-12.1304505,-77.0049345,Barranco
1716,-12.1304505,-77.0041973,Barranco
1717,-12.1304505,-77.00346,Barranco
1718,-12.1304505,-77.0027228,Barranco
1719,-12.1304505,-77.0019856,Barranco
1720,-12.1304505,-77.0012484,Barranco
1721,-12.1304505,-77.0005112,Barranco
